prime,half,reptend_b2,strides_b2,count_b2,reptend_b7,strides_b7,count_b7,reptend_b10,strides_b10,count_b10,reptend_b12,strides_b12,count_b12,count_invariant
3,1,2,[2],1,1,[1],1,1,[1],1,,,,True
5,2,4,[2],1,4,[2],1,,,,4,[2],1,True
11,5,10,"[2, 4, 6, 8]",4,10,"[2, 4, 6, 8]",4,2,[],0,1,[],0,False
13,6,12,"[2, 10]",2,12,"[2, 10]",2,6,"[1, 5]",2,2,[],0,False
17,8,8,"[1, 3, 5, 7]",4,16,"[2, 6, 10, 14]",4,16,"[2, 6, 10, 14]",4,16,"[2, 6, 10, 14]",4,True
19,9,18,"[2, 4, 8, 10, 14, 16]",6,3,[],0,18,"[2, 4, 8, 10, 14, 16]",6,6,[],0,False
23,11,11,"[1, 2, 3, 4, 5, 6, 7, 8, 9, 10]",10,22,"[2, 4, 6, 8, 10, 12, 14, 16, 18, 20]",10,22,"[2, 4, 6, 8, 10, 12, 14, 16, 18, 20]",10,11,"[1, 2, 3, 4, 5, 6, 7, 8, 9, 10]",10,True
29,14,28,"[2, 6, 10, 18, 22, 26]",6,7,[],0,28,"[2, 6, 10, 18, 22, 26]",6,4,[],0,False
31,15,5,[],0,15,"[1, 2, 4, 7, 8, 11, 13, 14]",8,15,"[1, 2, 4, 7, 8, 11, 13, 14]",8,30,"[2, 4, 8, 14, 16, 22, 26, 28]",8,False
37,18,36,"[2, 10, 14, 22, 26, 34]",6,9,[],0,3,[],0,9,[],0,False
41,20,20,"[1, 3, 7, 9, 11, 13, 17, 19]",8,40,"[2, 6, 14, 18, 22, 26, 34, 38]",8,5,[],0,40,"[2, 6, 14, 18, 22, 26, 34, 38]",8,False
43,21,14,[],0,6,[],0,21,"[1, 2, 4, 5, 8, 10, 11, 13, 16, 17, 19, 20]",12,42,"[2, 4, 8, 10, 16, 20, 22, 26, 32, 34, 38, 40]",12,False
47,23,23,"[1, 2, 3, 4, 5, 6, 7, 8, 9, 10, 11, 12, 13, 14, 15, 16, 17, 18, 19, 20, 21, 22]",22,23,"[1, 2, 3, 4, 5, 6, 7, 8, 9, 10, 11, 12, 13, 14, 15, 16, 17, 18, 19, 20, 21, 22]",22,46,"[2, 4, 6, 8, 10, 12, 14, 16, 18, 20, 22, 24, 26, 28, 30, 32, 34, 36, 38, 40, 42, 44]",22,23,"[1, 2, 3, 4, 5, 6, 7, 8, 9, 10, 11, 12, 13, 14, 15, 16, 17, 18, 19, 20, 21, 22]",22,True
53,26,52,"[2, 6, 10, 14, 18, 22, 30, 34, 38, 42, 46, 50]",12,26,"[1, 3, 5, 7, 9, 11, 15, 17, 19, 21, 23, 25]",12,13,[],0,52,"[2, 6, 10, 14, 18, 22, 30, 34, 38, 42, 46, 50]",12,False
59,29,58,"[2, 4, 6, 8, 10, 12, 14, 16, 18, 20, 22, 24, 26, 28, 30, 32, 34, 36, 38, 40, 42, 44, 46, 48, 50, 52, 54, 56]",28,29,"[1, 2, 3, 4, 5, 6, 7, 8, 9, 10, 11, 12, 13, 14, 15, 16, 17, 18, 19, 20, 21, 22, 23, 24, 25, 26, 27, 28]",28,58,"[2, 4, 6, 8, 10, 12, 14, 16, 18, 20, 22, 24, 26, 28, 30, 32, 34, 36, 38, 40, 42, 44, 46, 48, 50, 52, 54, 56]",28,29,"[1, 2, 3, 4, 5, 6, 7, 8, 9, 10, 11, 12, 13, 14, 15, 16, 17, 18, 19, 20, 21, 22, 23, 24, 25, 26, 27, 28]",28,True
61,30,60,"[2, 14, 22, 26, 34, 38, 46, 58]",8,60,"[2, 14, 22, 26, 34, 38, 46, 58]",8,60,"[2, 14, 22, 26, 34, 38, 46, 58]",8,15,[],0,False
67,33,66,"[2, 4, 8, 10, 14, 16, 20, 26, 28, 32, 34, 38, 40, 46, 50, 52, 56, 58, 62, 64]",20,66,"[2, 4, 8, 10, 14, 16, 20, 26, 28, 32, 34, 38, 40, 46, 50, 52, 56, 58, 62, 64]",20,33,"[1, 2, 4, 5, 7, 8, 10, 13, 14, 16, 17, 19, 20, 23, 25, 26, 28, 29, 31, 32]",20,66,"[2, 4, 8, 10, 14, 16, 20, 26, 28, 32, 34, 38, 40, 46, 50, 52, 56, 58, 62, 64]",20,True
71,35,35,"[1, 2, 3, 4, 6, 8, 9, 11, 12, 13, 16, 17, 18, 19, 22, 23, 24, 26, 27, 29, 31, 32, 33, 34]",24,70,"[2, 4, 6, 8, 12, 16, 18, 22, 24, 26, 32, 34, 36, 38, 44, 46, 48, 52, 54, 58, 62, 64, 66, 68]",24,35,"[1, 2, 3, 4, 6, 8, 9, 11, 12, 13, 16, 17, 18, 19, 22, 23, 24, 26, 27, 29, 31, 32, 33, 34]",24,35,"[1, 2, 3, 4, 6, 8, 9, 11, 12, 13, 16, 17, 18, 19, 22, 23, 24, 26, 27, 29, 31, 32, 33, 34]",24,True
73,36,9,[],0,24,[],0,8,[],0,36,"[1, 5, 7, 11, 13, 17, 19, 23, 25, 29, 31, 35]",12,False
79,39,39,"[1, 2, 4, 5, 7, 8, 10, 11, 14, 16, 17, 19, 20, 22, 23, 25, 28, 29, 31, 32, 34, 35, 37, 38]",24,78,"[2, 4, 8, 10, 14, 16, 20, 22, 28, 32, 34, 38, 40, 44, 46, 50, 56, 58, 62, 64, 68, 70, 74, 76]",24,13,[],0,26,[],0,False
83,41,82,"[2, 4, 6, 8, 10, 12, 14, 16, 18, 20, 22, 24, 26, 28, 30, 32, 34, 36, 38, 40, 42, 44, 46, 48, 50, 52, 54, 56, 58, 60, 62, 64, 66, 68, 70, 72, 74, 76, 78, 80]",40,41,"[1, 2, 3, 4, 5, 6, 7, 8, 9, 10, 11, 12, 13, 14, 15, 16, 17, 18, 19, 20, 21, 22, 23, 24, 25, 26, 27, 28, 29, 30, 31, 32, 33, 34, 35, 36, 37, 38, 39, 40]",40,41,"[1, 2, 3, 4, 5, 6, 7, 8, 9, 10, 11, 12, 13, 14, 15, 16, 17, 18, 19, 20, 21, 22, 23, 24, 25, 26, 27, 28, 29, 30, 31, 32, 33, 34, 35, 36, 37, 38, 39, 40]",40,41,"[1, 2, 3, 4, 5, 6, 7, 8, 9, 10, 11, 12, 13, 14, 15, 16, 17, 18, 19, 20, 21, 22, 23, 24, 25, 26, 27, 28, 29, 30, 31, 32, 33, 34, 35, 36, 37, 38, 39, 40]",40,True
89,44,11,[],0,88,"[2, 6, 10, 14, 18, 26, 30, 34, 38, 42, 46, 50, 54, 58, 62, 70, 74, 78, 82, 86]",20,44,"[1, 3, 5, 7, 9, 13, 15, 17, 19, 21, 23, 25, 27, 29, 31, 35, 37, 39, 41, 43]",20,8,[],0,False
97,48,48,"[1, 5, 7, 11, 13, 17, 19, 23, 25, 29, 31, 35, 37, 41, 43, 47]",16,96,"[2, 10, 14, 22, 26, 34, 38, 46, 50, 58, 62, 70, 74, 82, 86, 94]",16,96,"[2, 10, 14, 22, 26, 34, 38, 46, 50, 58, 62, 70, 74, 82, 86, 94]",16,16,[],0,False
101,50,100,"[2, 6, 14, 18, 22, 26, 34, 38, 42, 46, 54, 58, 62, 66, 74, 78, 82, 86, 94, 98]",20,100,"[2, 6, 14, 18, 22, 26, 34, 38, 42, 46, 54, 58, 62, 66, 74, 78, 82, 86, 94, 98]",20,4,[],0,100,"[2, 6, 14, 18, 22, 26, 34, 38, 42, 46, 54, 58, 62, 66, 74, 78, 82, 86, 94, 98]",20,False
103,51,51,"[1, 2, 4, 5, 7, 8, 10, 11, 13, 14, 16, 19, 20, 22, 23, 25, 26, 28, 29, 31, 32, 35, 37, 38, 40, 41, 43, 44, 46, 47, 49, 50]",32,51,"[1, 2, 4, 5, 7, 8, 10, 11, 13, 14, 16, 19, 20, 22, 23, 25, 26, 28, 29, 31, 32, 35, 37, 38, 40, 41, 43, 44, 46, 47, 49, 50]",32,34,[],0,102,"[2, 4, 8, 10, 14, 16, 20, 22, 26, 28, 32, 38, 40, 44, 46, 50, 52, 56, 58, 62, 64, 70, 74, 76, 80, 82, 86, 88, 92, 94, 98, 100]",32,False
107,53,106,"[2, 4, 6, 8, 10, 12, 14, 16, 18, 20, 22, 24, 26, 28, 30, 32, 34, 36, 38, 40, 42, 44, 46, 48, 50, 52, 54, 56, 58, 60, 62, 64, 66, 68, 70, 72, 74, 76, 78, 80, 82, 84, 86, 88, 90, 92, 94, 96, 98, 100, 102, 104]",52,106,"[2, 4, 6, 8, 10, 12, 14, 16, 18, 20, 22, 24, 26, 28, 30, 32, 34, 36, 38, 40, 42, 44, 46, 48, 50, 52, 54, 56, 58, 60, 62, 64, 66, 68, 70, 72, 74, 76, 78, 80, 82, 84, 86, 88, 90, 92, 94, 96, 98, 100, 102, 104]",52,53,"[1, 2, 3, 4, 5, 6, 7, 8, 9, 10, 11, 12, 13, 14, 15, 16, 17, 18, 19, 20, 21, 22, 23, 24, 25, 26, 27, 28, 29, 30, 31, 32, 33, 34, 35, 36, 37, 38, 39, 40, 41, 42, 43, 44, 45, 46, 47, 48, 49, 50, 51, 52]",52,53,"[1, 2, 3, 4, 5, 6, 7, 8, 9, 10, 11, 12, 13, 14, 15, 16, 17, 18, 19, 20, 21, 22, 23, 24, 25, 26, 27, 28, 29, 30, 31, 32, 33, 34, 35, 36, 37, 38, 39, 40, 41, 42, 43, 44, 45, 46, 47, 48, 49, 50, 51, 52]",52,True
109,54,36,[],0,27,[],0,108,"[2, 10, 14, 22, 26, 34, 38, 46, 50, 58, 62, 70, 74, 82, 86, 94, 98, 106]",18,54,"[1, 5, 7, 11, 13, 17, 19, 23, 25, 29, 31, 35, 37, 41, 43, 47, 49, 53]",18,False
113,56,28,[],0,14,[],0,112,"[2, 6, 10, 18, 22, 26, 30, 34, 38, 46, 50, 54, 58, 62, 66, 74, 78, 82, 86, 90, 94, 102, 106, 110]",24,112,"[2, 6, 10, 18, 22, 26, 30, 34, 38, 46, 50, 54, 58, 62, 66, 74, 78, 82, 86, 90, 94, 102, 106, 110]",24,False
127,63,7,[],0,126,"[2, 4, 8, 10, 16, 20, 22, 26, 32, 34, 38, 40, 44, 46, 50, 52, 58, 62, 64, 68, 74, 76, 80, 82, 86, 88, 92, 94, 100, 104, 106, 110, 116, 118, 122, 124]",36,42,[],0,126,"[2, 4, 8, 10, 16, 20, 22, 26, 32, 34, 38, 40, 44, 46, 50, 52, 58, 62, 64, 68, 74, 76, 80, 82, 86, 88, 92, 94, 100, 104, 106, 110, 116, 118, 122, 124]",36,False
131,65,130,"[2, 4, 6, 8, 12, 14, 16, 18, 22, 24, 28, 32, 34, 36, 38, 42, 44, 46, 48, 54, 56, 58, 62, 64, 66, 68, 72, 74, 76, 82, 84, 86, 88, 92, 94, 96, 98, 102, 106, 108, 112, 114, 116, 118, 122, 124, 126, 128]",48,65,"[1, 2, 3, 4, 6, 7, 8, 9, 11, 12, 14, 16, 17, 18, 19, 21, 22, 23, 24, 27, 28, 29, 31, 32, 33, 34, 36, 37, 38, 41, 42, 43, 44, 46, 47, 48, 49, 51, 53, 54, 56, 57, 58, 59, 61, 62, 63, 64]",48,130,"[2, 4, 6, 8, 12, 14, 16, 18, 22, 24, 28, 32, 34, 36, 38, 42, 44, 46, 48, 54, 56, 58, 62, 64, 66, 68, 72, 74, 76, 82, 84, 86, 88, 92, 94, 96, 98, 102, 106, 108, 112, 114, 116, 118, 122, 124, 126, 128]",48,65,"[1, 2, 3, 4, 6, 7, 8, 9, 11, 12, 14, 16, 17, 18, 19, 21, 22, 23, 24, 27, 28, 29, 31, 32, 33, 34, 36, 37, 38, 41, 42, 43, 44, 46, 47, 48, 49, 51, 53, 54, 56, 57, 58, 59, 61, 62, 63, 64]",48,True
137,68,68,"[1, 3, 5, 7, 9, 11, 13, 15, 19, 21, 23, 25, 27, 29, 31, 33, 35, 37, 39, 41, 43, 45, 47, 49, 53, 55, 57, 59, 61, 63, 65, 67]",32,68,"[1, 3, 5, 7, 9, 11, 13, 15, 19, 21, 23, 25, 27, 29, 31, 33, 35, 37, 39, 41, 43, 45, 47, 49, 53, 55, 57, 59, 61, 63, 65, 67]",32,8,[],0,136,"[2, 6, 10, 14, 18, 22, 26, 30, 38, 42, 46, 50, 54, 58, 62, 66, 70, 74, 78, 82, 86, 90, 94, 98, 106, 110, 114, 118, 122, 126, 130, 134]",32,False
139,69,138,"[2, 4, 8, 10, 14, 16, 20, 22, 26, 28, 32, 34, 38, 40, 44, 50, 52, 56, 58, 62, 64, 68, 70, 74, 76, 80, 82, 86, 88, 94, 98, 100, 104, 106, 110, 112, 116, 118, 122, 124, 128, 130, 134, 136]",44,69,"[1, 2, 4, 5, 7, 8, 10, 11, 13, 14, 16, 17, 19, 20, 22, 25, 26, 28, 29, 31, 32, 34, 35, 37, 38, 40, 41, 43, 44, 47, 49, 50, 52, 53, 55, 56, 58, 59, 61, 62, 64, 65, 67, 68]",44,46,[],0,138,"[2, 4, 8, 10, 14, 16, 20, 22, 26, 28, 32, 34, 38, 40, 44, 50, 52, 56, 58, 62, 64, 68, 70, 74, 76, 80, 82, 86, 88, 94, 98, 100, 104, 106, 110, 112, 116, 118, 122, 124, 128, 130, 134, 136]",44,False
149,74,148,"[2, 6, 10, 14, 18, 22, 26, 30, 34, 38, 42, 46, 50, 54, 58, 62, 66, 70, 78, 82, 86, 90, 94, 98, 102, 106, 110, 114, 118, 122, 126, 130, 134, 138, 142, 146]",36,74,"[1, 3, 5, 7, 9, 11, 13, 15, 17, 19, 21, 23, 25, 27, 29, 31, 33, 35, 39, 41, 43, 45, 47, 49, 51, 53, 55, 57, 59, 61, 63, 65, 67, 69, 71, 73]",36,148,"[2, 6, 10, 14, 18, 22, 26, 30, 34, 38, 42, 46, 50, 54, 58, 62, 66, 70, 78, 82, 86, 90, 94, 98, 102, 106, 110, 114, 118, 122, 126, 130, 134, 138, 142, 146]",36,148,"[2, 6, 10, 14, 18, 22, 26, 30, 34, 38, 42, 46, 50, 54, 58, 62, 66, 70, 78, 82, 86, 90, 94, 98, 102, 106, 110, 114, 118, 122, 126, 130, 134, 138, 142, 146]",36,True
151,75,15,[],0,150,"[2, 4, 8, 14, 16, 22, 26, 28, 32, 34, 38, 44, 46, 52, 56, 58, 62, 64, 68, 74, 76, 82, 86, 88, 92, 94, 98, 104, 106, 112, 116, 118, 122, 124, 128, 134, 136, 142, 146, 148]",40,75,"[1, 2, 4, 7, 8, 11, 13, 14, 16, 17, 19, 22, 23, 26, 28, 29, 31, 32, 34, 37, 38, 41, 43, 44, 46, 47, 49, 52, 53, 56, 58, 59, 61, 62, 64, 67, 68, 71, 73, 74]",40,150,"[2, 4, 8, 14, 16, 22, 26, 28, 32, 34, 38, 44, 46, 52, 56, 58, 62, 64, 68, 74, 76, 82, 86, 88, 92, 94, 98, 104, 106, 112, 116, 118, 122, 124, 128, 134, 136, 142, 146, 148]",40,False
157,78,52,[],0,52,[],0,78,"[1, 5, 7, 11, 17, 19, 23, 25, 29, 31, 35, 37, 41, 43, 47, 49, 53, 55, 59, 61, 67, 71, 73, 77]",24,3,[],0,False
163,81,162,"[2, 4, 8, 10, 14, 16, 20, 22, 26, 28, 32, 34, 38, 40, 44, 46, 50, 52, 56, 58, 62, 64, 68, 70, 74, 76, 80, 82, 86, 88, 92, 94, 98, 100, 104, 106, 110, 112, 116, 118, 122, 124, 128, 130, 134, 136, 140, 142, 146, 148, 152, 154, 158, 160]",54,162,"[2, 4, 8, 10, 14, 16, 20, 22, 26, 28, 32, 34, 38, 40, 44, 46, 50, 52, 56, 58, 62, 64, 68, 70, 74, 76, 80, 82, 86, 88, 92, 94, 98, 100, 104, 106, 110, 112, 116, 118, 122, 124, 128, 130, 134, 136, 140, 142, 146, 148, 152, 154, 158, 160]",54,81,"[1, 2, 4, 5, 7, 8, 10, 11, 13, 14, 16, 17, 19, 20, 22, 23, 25, 26, 28, 29, 31, 32, 34, 35, 37, 38, 40, 41, 43, 44, 46, 47, 49, 50, 52, 53, 55, 56, 58, 59, 61, 62, 64, 65, 67, 68, 70, 71, 73, 74, 76, 77, 79, 80]",54,162,"[2, 4, 8, 10, 14, 16, 20, 22, 26, 28, 32, 34, 38, 40, 44, 46, 50, 52, 56, 58, 62, 64, 68, 70, 74, 76, 80, 82, 86, 88, 92, 94, 98, 100, 104, 106, 110, 112, 116, 118, 122, 124, 128, 130, 134, 136, 140, 142, 146, 148, 152, 154, 158, 160]",54,True
167,83,83,"[1, 2, 3, 4, 5, 6, 7, 8, 9, 10, 11, 12, 13, 14, 15, 16, 17, 18, 19, 20, 21, 22, 23, 24, 25, 26, 27, 28, 29, 30, 31, 32, 33, 34, 35, 36, 37, 38, 39, 40, 41, 42, 43, 44, 45, 46, 47, 48, 49, 50, 51, 52, 53, 54, 55, 56, 57, 58, 59, 60, 61, 62, 63, 64, 65, 66, 67, 68, 69, 70, 71, 72, 73, 74, 75, 76, 77, 78, 79, 80, 81, 82]",82,83,"[1, 2, 3, 4, 5, 6, 7, 8, 9, 10, 11, 12, 13, 14, 15, 16, 17, 18, 19, 20, 21, 22, 23, 24, 25, 26, 27, 28, 29, 30, 31, 32, 33, 34, 35, 36, 37, 38, 39, 40, 41, 42, 43, 44, 45, 46, 47, 48, 49, 50, 51, 52, 53, 54, 55, 56, 57, 58, 59, 60, 61, 62, 63, 64, 65, 66, 67, 68, 69, 70, 71, 72, 73, 74, 75, 76, 77, 78, 79, 80, 81, 82]",82,166,"[2, 4, 6, 8, 10, 12, 14, 16, 18, 20, 22, 24, 26, 28, 30, 32, 34, 36, 38, 40, 42, 44, 46, 48, 50, 52, 54, 56, 58, 60, 62, 64, 66, 68, 70, 72, 74, 76, 78, 80, 82, 84, 86, 88, 90, 92, 94, 96, 98, 100, 102, 104, 106, 108, 110, 112, 114, 116, 118, 120, 122, 124, 126, 128, 130, 132, 134, 136, 138, 140, 142, 144, 146, 148, 150, 152, 154, 156, 158, 160, 162, 164]",82,83,"[1, 2, 3, 4, 5, 6, 7, 8, 9, 10, 11, 12, 13, 14, 15, 16, 17, 18, 19, 20, 21, 22, 23, 24, 25, 26, 27, 28, 29, 30, 31, 32, 33, 34, 35, 36, 37, 38, 39, 40, 41, 42, 43, 44, 45, 46, 47, 48, 49, 50, 51, 52, 53, 54, 55, 56, 57, 58, 59, 60, 61, 62, 63, 64, 65, 66, 67, 68, 69, 70, 71, 72, 73, 74, 75, 76, 77, 78, 79, 80, 81, 82]",82,True
173,86,172,"[2, 6, 10, 14, 18, 22, 26, 30, 34, 38, 42, 46, 50, 54, 58, 62, 66, 70, 74, 78, 82, 90, 94, 98, 102, 106, 110, 114, 118, 122, 126, 130, 134, 138, 142, 146, 150, 154, 158, 162, 166, 170]",42,172,"[2, 6, 10, 14, 18, 22, 26, 30, 34, 38, 42, 46, 50, 54, 58, 62, 66, 70, 74, 78, 82, 90, 94, 98, 102, 106, 110, 114, 118, 122, 126, 130, 134, 138, 142, 146, 150, 154, 158, 162, 166, 170]",42,43,[],0,172,"[2, 6, 10, 14, 18, 22, 26, 30, 34, 38, 42, 46, 50, 54, 58, 62, 66, 70, 74, 78, 82, 90, 94, 98, 102, 106, 110, 114, 118, 122, 126, 130, 134, 138, 142, 146, 150, 154, 158, 162, 166, 170]",42,False
179,89,178,"[2, 4, 6, 8, 10, 12, 14, 16, 18, 20, 22, 24, 26, 28, 30, 32, 34, 36, 38, 40, 42, 44, 46, 48, 50, 52, 54, 56, 58, 60, 62, 64, 66, 68, 70, 72, 74, 76, 78, 80, 82, 84, 86, 88, 90, 92, 94, 96, 98, 100, 102, 104, 106, 108, 110, 112, 114, 116, 118, 120, 122, 124, 126, 128, 130, 132, 134, 136, 138, 140, 142, 144, 146, 148, 150, 152, 154, 156, 158, 160, 162, 164, 166, 168, 170, 172, 174, 176]",88,178,"[2, 4, 6, 8, 10, 12, 14, 16, 18, 20, 22, 24, 26, 28, 30, 32, 34, 36, 38, 40, 42, 44, 46, 48, 50, 52, 54, 56, 58, 60, 62, 64, 66, 68, 70, 72, 74, 76, 78, 80, 82, 84, 86, 88, 90, 92, 94, 96, 98, 100, 102, 104, 106, 108, 110, 112, 114, 116, 118, 120, 122, 124, 126, 128, 130, 132, 134, 136, 138, 140, 142, 144, 146, 148, 150, 152, 154, 156, 158, 160, 162, 164, 166, 168, 170, 172, 174, 176]",88,178,"[2, 4, 6, 8, 10, 12, 14, 16, 18, 20, 22, 24, 26, 28, 30, 32, 34, 36, 38, 40, 42, 44, 46, 48, 50, 52, 54, 56, 58, 60, 62, 64, 66, 68, 70, 72, 74, 76, 78, 80, 82, 84, 86, 88, 90, 92, 94, 96, 98, 100, 102, 104, 106, 108, 110, 112, 114, 116, 118, 120, 122, 124, 126, 128, 130, 132, 134, 136, 138, 140, 142, 144, 146, 148, 150, 152, 154, 156, 158, 160, 162, 164, 166, 168, 170, 172, 174, 176]",88,89,"[1, 2, 3, 4, 5, 6, 7, 8, 9, 10, 11, 12, 13, 14, 15, 16, 17, 18, 19, 20, 21, 22, 23, 24, 25, 26, 27, 28, 29, 30, 31, 32, 33, 34, 35, 36, 37, 38, 39, 40, 41, 42, 43, 44, 45, 46, 47, 48, 49, 50, 51, 52, 53, 54, 55, 56, 57, 58, 59, 60, 61, 62, 63, 64, 65, 66, 67, 68, 69, 70, 71, 72, 73, 74, 75, 76, 77, 78, 79, 80, 81, 82, 83, 84, 85, 86, 87, 88]",88,True
181,90,180,"[2, 14, 22, 26, 34, 38, 46, 58, 62, 74, 82, 86, 94, 98, 106, 118, 122, 134, 142, 146, 154, 158, 166, 178]",24,12,[],0,180,"[2, 14, 22, 26, 34, 38, 46, 58, 62, 74, 82, 86, 94, 98, 106, 118, 122, 134, 142, 146, 154, 158, 166, 178]",24,90,"[1, 7, 11, 13, 17, 19, 23, 29, 31, 37, 41, 43, 47, 49, 53, 59, 61, 67, 71, 73, 77, 79, 83, 89]",24,False
191,95,95,"[1, 2, 3, 4, 6, 7, 8, 9, 11, 12, 13, 14, 16, 17, 18, 21, 22, 23, 24, 26, 27, 28, 29, 31, 32, 33, 34, 36, 37, 39, 41, 42, 43, 44, 46, 47, 48, 49, 51, 52, 53, 54, 56, 58, 59, 61, 62, 63, 64, 66, 67, 68, 69, 71, 72, 73, 74, 77, 78, 79, 81, 82, 83, 84, 86, 87, 88, 89, 91, 92, 93, 94]",72,10,[],0,95,"[1, 2, 3, 4, 6, 7, 8, 9, 11, 12, 13, 14, 16, 17, 18, 21, 22, 23, 24, 26, 27, 28, 29, 31, 32, 33, 34, 36, 37, 39, 41, 42, 43, 44, 46, 47, 48, 49, 51, 52, 53, 54, 56, 58, 59, 61, 62, 63, 64, 66, 67, 68, 69, 71, 72, 73, 74, 77, 78, 79, 81, 82, 83, 84, 86, 87, 88, 89, 91, 92, 93, 94]",72,95,"[1, 2, 3, 4, 6, 7, 8, 9, 11, 12, 13, 14, 16, 17, 18, 21, 22, 23, 24, 26, 27, 28, 29, 31, 32, 33, 34, 36, 37, 39, 41, 42, 43, 44, 46, 47, 48, 49, 51, 52, 53, 54, 56, 58, 59, 61, 62, 63, 64, 66, 67, 68, 69, 71, 72, 73, 74, 77, 78, 79, 81, 82, 83, 84, 86, 87, 88, 89, 91, 92, 93, 94]",72,False
193,96,96,"[1, 5, 7, 11, 13, 17, 19, 23, 25, 29, 31, 35, 37, 41, 43, 47, 49, 53, 55, 59, 61, 65, 67, 71, 73, 77, 79, 83, 85, 89, 91, 95]",32,24,[],0,192,"[2, 10, 14, 22, 26, 34, 38, 46, 50, 58, 62, 70, 74, 82, 86, 94, 98, 106, 110, 118, 122, 130, 134, 142, 146, 154, 158, 166, 170, 178, 182, 190]",32,24,[],0,False
197,98,196,"[2, 6, 10, 18, 22, 26, 30, 34, 38, 46, 50, 54, 58, 62, 66, 74, 78, 82, 86, 90, 94, 102, 106, 110, 114, 118, 122, 130, 134, 138, 142, 146, 150, 158, 162, 166, 170, 174, 178, 186, 190, 194]",42,98,"[1, 3, 5, 9, 11, 13, 15, 17, 19, 23, 25, 27, 29, 31, 33, 37, 39, 41, 43, 45, 47, 51, 53, 55, 57, 59, 61, 65, 67, 69, 71, 73, 75, 79, 81, 83, 85, 87, 89, 93, 95, 97]",42,98,"[1, 3, 5, 9, 11, 13, 15, 17, 19, 23, 25, 27, 29, 31, 33, 37, 39, 41, 43, 45, 47, 51, 53, 55, 57, 59, 61, 65, 67, 69, 71, 73, 75, 79, 81, 83, 85, 87, 89, 93, 95, 97]",42,196,"[2, 6, 10, 18, 22, 26, 30, 34, 38, 46, 50, 54, 58, 62, 66, 74, 78, 82, 86, 90, 94, 102, 106, 110, 114, 118, 122, 130, 134, 138, 142, 146, 150, 158, 162, 166, 170, 174, 178, 186, 190, 194]",42,True
199,99,99,"[1, 2, 4, 5, 7, 8, 10, 13, 14, 16, 17, 19, 20, 23, 25, 26, 28, 29, 31, 32, 34, 35, 37, 38, 40, 41, 43, 46, 47, 49, 50, 52, 53, 56, 58, 59, 61, 62, 64, 65, 67, 68, 70, 71, 73, 74, 76, 79, 80, 82, 83, 85, 86, 89, 91, 92, 94, 95, 97, 98]",60,99,"[1, 2, 4, 5, 7, 8, 10, 13, 14, 16, 17, 19, 20, 23, 25, 26, 28, 29, 31, 32, 34, 35, 37, 38, 40, 41, 43, 46, 47, 49, 50, 52, 53, 56, 58, 59, 61, 62, 64, 65, 67, 68, 70, 71, 73, 74, 76, 79, 80, 82, 83, 85, 86, 89, 91, 92, 94, 95, 97, 98]",60,99,"[1, 2, 4, 5, 7, 8, 10, 13, 14, 16, 17, 19, 20, 23, 25, 26, 28, 29, 31, 32, 34, 35, 37, 38, 40, 41, 43, 46, 47, 49, 50, 52, 53, 56, 58, 59, 61, 62, 64, 65, 67, 68, 70, 71, 73, 74, 76, 79, 80, 82, 83, 85, 86, 89, 91, 92, 94, 95, 97, 98]",60,66,[],0,False
211,105,210,"[2, 4, 8, 16, 22, 26, 32, 34, 38, 44, 46, 52, 58, 62, 64, 68, 74, 76, 82, 86, 88, 92, 94, 104, 106, 116, 118, 122, 124, 128, 134, 136, 142, 146, 148, 152, 158, 164, 166, 172, 176, 178, 184, 188, 194, 202, 206, 208]",48,210,"[2, 4, 8, 16, 22, 26, 32, 34, 38, 44, 46, 52, 58, 62, 64, 68, 74, 76, 82, 86, 88, 92, 94, 104, 106, 116, 118, 122, 124, 128, 134, 136, 142, 146, 148, 152, 158, 164, 166, 172, 176, 178, 184, 188, 194, 202, 206, 208]",48,30,[],0,14,[],0,False
223,111,37,[],0,37,[],0,222,"[2, 4, 8, 10, 14, 16, 20, 22, 26, 28, 32, 34, 38, 40, 44, 46, 50, 52, 56, 58, 62, 64, 68, 70, 76, 80, 82, 86, 88, 92, 94, 98, 100, 104, 106, 110, 112, 116, 118, 122, 124, 128, 130, 134, 136, 140, 142, 146, 152, 154, 158, 160, 164, 166, 170, 172, 176, 178, 182, 184, 188, 190, 194, 196, 200, 202, 206, 208, 212, 214, 218, 220]",72,222,"[2, 4, 8, 10, 14, 16, 20, 22, 26, 28, 32, 34, 38, 40, 44, 46, 50, 52, 56, 58, 62, 64, 68, 70, 76, 80, 82, 86, 88, 92, 94, 98, 100, 104, 106, 110, 112, 116, 118, 122, 124, 128, 130, 134, 136, 140, 142, 146, 152, 154, 158, 160, 164, 166, 170, 172, 176, 178, 182, 184, 188, 190, 194, 196, 200, 202, 206, 208, 212, 214, 218, 220]",72,False
227,113,226,"[2, 4, 6, 8, 10, 12, 14, 16, 18, 20, 22, 24, 26, 28, 30, 32, 34, 36, 38, 40, 42, 44, 46, 48, 50, 52, 54, 56, 58, 60, 62, 64, 66, 68, 70, 72, 74, 76, 78, 80, 82, 84, 86, 88, 90, 92, 94, 96, 98, 100, 102, 104, 106, 108, 110, 112, 114, 116, 118, 120, 122, 124, 126, 128, 130, 132, 134, 136, 138, 140, 142, 144, 146, 148, 150, 152, 154, 156, 158, 160, 162, 164, 166, 168, 170, 172, 174, 176, 178, 180, 182, 184, 186, 188, 190, 192, 194, 196, 198, 200, 202, 204, 206, 208, 210, 212, 214, 216, 218, 220, 222, 224]",112,113,"[1, 2, 3, 4, 5, 6, 7, 8, 9, 10, 11, 12, 13, 14, 15, 16, 17, 18, 19, 20, 21, 22, 23, 24, 25, 26, 27, 28, 29, 30, 31, 32, 33, 34, 35, 36, 37, 38, 39, 40, 41, 42, 43, 44, 45, 46, 47, 48, 49, 50, 51, 52, 53, 54, 55, 56, 57, 58, 59, 60, 61, 62, 63, 64, 65, 66, 67, 68, 69, 70, 71, 72, 73, 74, 75, 76, 77, 78, 79, 80, 81, 82, 83, 84, 85, 86, 87, 88, 89, 90, 91, 92, 93, 94, 95, 96, 97, 98, 99, 100, 101, 102, 103, 104, 105, 106, 107, 108, 109, 110, 111, 112]",112,113,"[1, 2, 3, 4, 5, 6, 7, 8, 9, 10, 11, 12, 13, 14, 15, 16, 17, 18, 19, 20, 21, 22, 23, 24, 25, 26, 27, 28, 29, 30, 31, 32, 33, 34, 35, 36, 37, 38, 39, 40, 41, 42, 43, 44, 45, 46, 47, 48, 49, 50, 51, 52, 53, 54, 55, 56, 57, 58, 59, 60, 61, 62, 63, 64, 65, 66, 67, 68, 69, 70, 71, 72, 73, 74, 75, 76, 77, 78, 79, 80, 81, 82, 83, 84, 85, 86, 87, 88, 89, 90, 91, 92, 93, 94, 95, 96, 97, 98, 99, 100, 101, 102, 103, 104, 105, 106, 107, 108, 109, 110, 111, 112]",112,113,"[1, 2, 3, 4, 5, 6, 7, 8, 9, 10, 11, 12, 13, 14, 15, 16, 17, 18, 19, 20, 21, 22, 23, 24, 25, 26, 27, 28, 29, 30, 31, 32, 33, 34, 35, 36, 37, 38, 39, 40, 41, 42, 43, 44, 45, 46, 47, 48, 49, 50, 51, 52, 53, 54, 55, 56, 57, 58, 59, 60, 61, 62, 63, 64, 65, 66, 67, 68, 69, 70, 71, 72, 73, 74, 75, 76, 77, 78, 79, 80, 81, 82, 83, 84, 85, 86, 87, 88, 89, 90, 91, 92, 93, 94, 95, 96, 97, 98, 99, 100, 101, 102, 103, 104, 105, 106, 107, 108, 109, 110, 111, 112]",112,True
229,114,76,[],0,228,"[2, 10, 14, 22, 26, 34, 46, 50, 58, 62, 70, 74, 82, 86, 94, 98, 106, 110, 118, 122, 130, 134, 142, 146, 154, 158, 166, 170, 178, 182, 194, 202, 206, 214, 218, 226]",36,228,"[2, 10, 14, 22, 26, 34, 46, 50, 58, 62, 70, 74, 82, 86, 94, 98, 106, 110, 118, 122, 130, 134, 142, 146, 154, 158, 166, 170, 178, 182, 194, 202, 206, 214, 218, 226]",36,114,"[1, 5, 7, 11, 13, 17, 23, 25, 29, 31, 35, 37, 41, 43, 47, 49, 53, 55, 59, 61, 65, 67, 71, 73, 77, 79, 83, 85, 89, 91, 97, 101, 103, 107, 109, 113]",36,False
233,116,29,[],0,116,"[1, 3, 5, 7, 9, 11, 13, 15, 17, 19, 21, 23, 25, 27, 31, 33, 35, 37, 39, 41, 43, 45, 47, 49, 51, 53, 55, 57, 59, 61, 63, 65, 67, 69, 71, 73, 75, 77, 79, 81, 83, 85, 89, 91, 93, 95, 97, 99, 101, 103, 105, 107, 109, 111, 113, 115]",56,232,"[2, 6, 10, 14, 18, 22, 26, 30, 34, 38, 42, 46, 50, 54, 62, 66, 70, 74, 78, 82, 86, 90, 94, 98, 102, 106, 110, 114, 118, 122, 126, 130, 134, 138, 142, 146, 150, 154, 158, 162, 166, 170, 178, 182, 186, 190, 194, 198, 202, 206, 210, 214, 218, 222, 226, 230]",56,8,[],0,False
239,119,119,"[1, 2, 3, 4, 5, 6, 8, 9, 10, 11, 12, 13, 15, 16, 18, 19, 20, 22, 23, 24, 25, 26, 27, 29, 30, 31, 32, 33, 36, 37, 38, 39, 40, 41, 43, 44, 45, 46, 47, 48, 50, 52, 53, 54, 55, 57, 58, 59, 60, 61, 62, 64, 65, 66, 67, 69, 71, 72, 73, 74, 75, 76, 78, 79, 80, 81, 82, 83, 86, 87, 88, 89, 90, 92, 93, 94, 95, 96, 97, 99, 100, 101, 103, 104, 106, 107, 108, 109, 110, 111, 113, 114, 115, 116, 117, 118]",96,238,"[2, 4, 6, 8, 10, 12, 16, 18, 20, 22, 24, 26, 30, 32, 36, 38, 40, 44, 46, 48, 50, 52, 54, 58, 60, 62, 64, 66, 72, 74, 76, 78, 80, 82, 86, 88, 90, 92, 94, 96, 100, 104, 106, 108, 110, 114, 116, 118, 120, 122, 124, 128, 130, 132, 134, 138, 142, 144, 146, 148, 150, 152, 156, 158, 160, 162, 164, 166, 172, 174, 176, 178, 180, 184, 186, 188, 190, 192, 194, 198, 200, 202, 206, 208, 212, 214, 216, 218, 220, 222, 226, 228, 230, 232, 234, 236]",96,7,[],0,119,"[1, 2, 3, 4, 5, 6, 8, 9, 10, 11, 12, 13, 15, 16, 18, 19, 20, 22, 23, 24, 25, 26, 27, 29, 30, 31, 32, 33, 36, 37, 38, 39, 40, 41, 43, 44, 45, 46, 47, 48, 50, 52, 53, 54, 55, 57, 58, 59, 60, 61, 62, 64, 65, 66, 67, 69, 71, 72, 73, 74, 75, 76, 78, 79, 80, 81, 82, 83, 86, 87, 88, 89, 90, 92, 93, 94, 95, 96, 97, 99, 100, 101, 103, 104, 106, 107, 108, 109, 110, 111, 113, 114, 115, 116, 117, 118]",96,False
241,120,24,[],0,240,"[2, 14, 22, 26, 34, 38, 46, 58, 62, 74, 82, 86, 94, 98, 106, 118, 122, 134, 142, 146, 154, 158, 166, 178, 182, 194, 202, 206, 214, 218, 226, 238]",32,30,[],0,120,"[1, 7, 11, 13, 17, 19, 23, 29, 31, 37, 41, 43, 47, 49, 53, 59, 61, 67, 71, 73, 77, 79, 83, 89, 91, 97, 101, 103, 107, 109, 113, 119]",32,False
251,125,50,[],0,125,"[1, 2, 3, 4, 6, 7, 8, 9, 11, 12, 13, 14, 16, 17, 18, 19, 21, 22, 23, 24, 26, 27, 28, 29, 31, 32, 33, 34, 36, 37, 38, 39, 41, 42, 43, 44, 46, 47, 48, 49, 51, 52, 53, 54, 56, 57, 58, 59, 61, 62, 63, 64, 66, 67, 68, 69, 71, 72, 73, 74, 76, 77, 78, 79, 81, 82, 83, 84, 86, 87, 88, 89, 91, 92, 93, 94, 96, 97, 98, 99, 101, 102, 103, 104, 106, 107, 108, 109, 111, 112, 113, 114, 116, 117, 118, 119, 121, 122, 123, 124]",100,50,[],0,125,"[1, 2, 3, 4, 6, 7, 8, 9, 11, 12, 13, 14, 16, 17, 18, 19, 21, 22, 23, 24, 26, 27, 28, 29, 31, 32, 33, 34, 36, 37, 38, 39, 41, 42, 43, 44, 46, 47, 48, 49, 51, 52, 53, 54, 56, 57, 58, 59, 61, 62, 63, 64, 66, 67, 68, 69, 71, 72, 73, 74, 76, 77, 78, 79, 81, 82, 83, 84, 86, 87, 88, 89, 91, 92, 93, 94, 96, 97, 98, 99, 101, 102, 103, 104, 106, 107, 108, 109, 111, 112, 113, 114, 116, 117, 118, 119, 121, 122, 123, 124]",100,False
257,128,16,[],0,256,"[2, 6, 10, 14, 18, 22, 26, 30, 34, 38, 42, 46, 50, 54, 58, 62, 66, 70, 74, 78, 82, 86, 90, 94, 98, 102, 106, 110, 114, 118, 122, 126, 130, 134, 138, 142, 146, 150, 154, 158, 162, 166, 170, 174, 178, 182, 186, 190, 194, 198, 202, 206, 210, 214, 218, 222, 226, 230, 234, 238, 242, 246, 250, 254]",64,256,"[2, 6, 10, 14, 18, 22, 26, 30, 34, 38, 42, 46, 50, 54, 58, 62, 66, 70, 74, 78, 82, 86, 90, 94, 98, 102, 106, 110, 114, 118, 122, 126, 130, 134, 138, 142, 146, 150, 154, 158, 162, 166, 170, 174, 178, 182, 186, 190, 194, 198, 202, 206, 210, 214, 218, 222, 226, 230, 234, 238, 242, 246, 250, 254]",64,256,"[2, 6, 10, 14, 18, 22, 26, 30, 34, 38, 42, 46, 50, 54, 58, 62, 66, 70, 74, 78, 82, 86, 90, 94, 98, 102, 106, 110, 114, 118, 122, 126, 130, 134, 138, 142, 146, 150, 154, 158, 162, 166, 170, 174, 178, 182, 186, 190, 194, 198, 202, 206, 210, 214, 218, 222, 226, 230, 234, 238, 242, 246, 250, 254]",64,False
263,131,131,"[1, 2, 3, 4, 5, 6, 7, 8, 9, 10, 11, 12, 13, 14, 15, 16, 17, 18, 19, 20, 21, 22, 23, 24, 25, 26, 27, 28, 29, 30, 31, 32, 33, 34, 35, 36, 37, 38, 39, 40, 41, 42, 43, 44, 45, 46, 47, 48, 49, 50, 51, 52, 53, 54, 55, 56, 57, 58, 59, 60, 61, 62, 63, 64, 65, 66, 67, 68, 69, 70, 71, 72, 73, 74, 75, 76, 77, 78, 79, 80, 81, 82, 83, 84, 85, 86, 87, 88, 89, 90, 91, 92, 93, 94, 95, 96, 97, 98, 99, 100, 101, 102, 103, 104, 105, 106, 107, 108, 109, 110, 111, 112, 113, 114, 115, 116, 117, 118, 119, 120, 121, 122, 123, 124, 125, 126, 127, 128, 129, 130]",130,262,"[2, 4, 6, 8, 10, 12, 14, 16, 18, 20, 22, 24, 26, 28, 30, 32, 34, 36, 38, 40, 42, 44, 46, 48, 50, 52, 54, 56, 58, 60, 62, 64, 66, 68, 70, 72, 74, 76, 78, 80, 82, 84, 86, 88, 90, 92, 94, 96, 98, 100, 102, 104, 106, 108, 110, 112, 114, 116, 118, 120, 122, 124, 126, 128, 130, 132, 134, 136, 138, 140, 142, 144, 146, 148, 150, 152, 154, 156, 158, 160, 162, 164, 166, 168, 170, 172, 174, 176, 178, 180, 182, 184, 186, 188, 190, 192, 194, 196, 198, 200, 202, 204, 206, 208, 210, 212, 214, 216, 218, 220, 222, 224, 226, 228, 230, 232, 234, 236, 238, 240, 242, 244, 246, 248, 250, 252, 254, 256, 258, 260]",130,262,"[2, 4, 6, 8, 10, 12, 14, 16, 18, 20, 22, 24, 26, 28, 30, 32, 34, 36, 38, 40, 42, 44, 46, 48, 50, 52, 54, 56, 58, 60, 62, 64, 66, 68, 70, 72, 74, 76, 78, 80, 82, 84, 86, 88, 90, 92, 94, 96, 98, 100, 102, 104, 106, 108, 110, 112, 114, 116, 118, 120, 122, 124, 126, 128, 130, 132, 134, 136, 138, 140, 142, 144, 146, 148, 150, 152, 154, 156, 158, 160, 162, 164, 166, 168, 170, 172, 174, 176, 178, 180, 182, 184, 186, 188, 190, 192, 194, 196, 198, 200, 202, 204, 206, 208, 210, 212, 214, 216, 218, 220, 222, 224, 226, 228, 230, 232, 234, 236, 238, 240, 242, 244, 246, 248, 250, 252, 254, 256, 258, 260]",130,131,"[1, 2, 3, 4, 5, 6, 7, 8, 9, 10, 11, 12, 13, 14, 15, 16, 17, 18, 19, 20, 21, 22, 23, 24, 25, 26, 27, 28, 29, 30, 31, 32, 33, 34, 35, 36, 37, 38, 39, 40, 41, 42, 43, 44, 45, 46, 47, 48, 49, 50, 51, 52, 53, 54, 55, 56, 57, 58, 59, 60, 61, 62, 63, 64, 65, 66, 67, 68, 69, 70, 71, 72, 73, 74, 75, 76, 77, 78, 79, 80, 81, 82, 83, 84, 85, 86, 87, 88, 89, 90, 91, 92, 93, 94, 95, 96, 97, 98, 99, 100, 101, 102, 103, 104, 105, 106, 107, 108, 109, 110, 111, 112, 113, 114, 115, 116, 117, 118, 119, 120, 121, 122, 123, 124, 125, 126, 127, 128, 129, 130]",130,True
269,134,268,"[2, 6, 10, 14, 18, 22, 26, 30, 34, 38, 42, 46, 50, 54, 58, 62, 66, 70, 74, 78, 82, 86, 90, 94, 98, 102, 106, 110, 114, 118, 122, 126, 130, 138, 142, 146, 150, 154, 158, 162, 166, 170, 174, 178, 182, 186, 190, 194, 198, 202, 206, 210, 214, 218, 222, 226, 230, 234, 238, 242, 246, 250, 254, 258, 262, 266]",66,268,"[2, 6, 10, 14, 18, 22, 26, 30, 34, 38, 42, 46, 50, 54, 58, 62, 66, 70, 74, 78, 82, 86, 90, 94, 98, 102, 106, 110, 114, 118, 122, 126, 130, 138, 142, 146, 150, 154, 158, 162, 166, 170, 174, 178, 182, 186, 190, 194, 198, 202, 206, 210, 214, 218, 222, 226, 230, 234, 238, 242, 246, 250, 254, 258, 262, 266]",66,268,"[2, 6, 10, 14, 18, 22, 26, 30, 34, 38, 42, 46, 50, 54, 58, 62, 66, 70, 74, 78, 82, 86, 90, 94, 98, 102, 106, 110, 114, 118, 122, 126, 130, 138, 142, 146, 150, 154, 158, 162, 166, 170, 174, 178, 182, 186, 190, 194, 198, 202, 206, 210, 214, 218, 222, 226, 230, 234, 238, 242, 246, 250, 254, 258, 262, 266]",66,268,"[2, 6, 10, 14, 18, 22, 26, 30, 34, 38, 42, 46, 50, 54, 58, 62, 66, 70, 74, 78, 82, 86, 90, 94, 98, 102, 106, 110, 114, 118, 122, 126, 130, 138, 142, 146, 150, 154, 158, 162, 166, 170, 174, 178, 182, 186, 190, 194, 198, 202, 206, 210, 214, 218, 222, 226, 230, 234, 238, 242, 246, 250, 254, 258, 262, 266]",66,True
271,135,135,"[1, 2, 4, 7, 8, 11, 13, 14, 16, 17, 19, 22, 23, 26, 28, 29, 31, 32, 34, 37, 38, 41, 43, 44, 46, 47, 49, 52, 53, 56, 58, 59, 61, 62, 64, 67, 68, 71, 73, 74, 76, 77, 79, 82, 83, 86, 88, 89, 91, 92, 94, 97, 98, 101, 103, 104, 106, 107, 109, 112, 113, 116, 118, 119, 121, 122, 124, 127, 128, 131, 133, 134]",72,135,"[1, 2, 4, 7, 8, 11, 13, 14, 16, 17, 19, 22, 23, 26, 28, 29, 31, 32, 34, 37, 38, 41, 43, 44, 46, 47, 49, 52, 53, 56, 58, 59, 61, 62, 64, 67, 68, 71, 73, 74, 76, 77, 79, 82, 83, 86, 88, 89, 91, 92, 94, 97, 98, 101, 103, 104, 106, 107, 109, 112, 113, 116, 118, 119, 121, 122, 124, 127, 128, 131, 133, 134]",72,5,[],0,54,[],0,False
277,138,92,[],0,138,"[1, 5, 7, 11, 13, 17, 19, 25, 29, 31, 35, 37, 41, 43, 47, 49, 53, 55, 59, 61, 65, 67, 71, 73, 77, 79, 83, 85, 89, 91, 95, 97, 101, 103, 107, 109, 113, 119, 121, 125, 127, 131, 133, 137]",44,69,[],0,138,"[1, 5, 7, 11, 13, 17, 19, 25, 29, 31, 35, 37, 41, 43, 47, 49, 53, 55, 59, 61, 65, 67, 71, 73, 77, 79, 83, 85, 89, 91, 95, 97, 101, 103, 107, 109, 113, 119, 121, 125, 127, 131, 133, 137]",44,False
281,140,70,[],0,20,[],0,28,[],0,280,"[2, 6, 18, 22, 26, 34, 38, 46, 54, 58, 62, 66, 74, 78, 82, 86, 94, 102, 106, 114, 118, 122, 134, 138, 142, 146, 158, 162, 166, 174, 178, 186, 194, 198, 202, 206, 214, 218, 222, 226, 234, 242, 246, 254, 258, 262, 274, 278]",48,False
283,141,94,[],0,141,"[1, 2, 4, 5, 7, 8, 10, 11, 13, 14, 16, 17, 19, 20, 22, 23, 25, 26, 28, 29, 31, 32, 34, 35, 37, 38, 40, 41, 43, 44, 46, 49, 50, 52, 53, 55, 56, 58, 59, 61, 62, 64, 65, 67, 68, 70, 71, 73, 74, 76, 77, 79, 80, 82, 83, 85, 86, 88, 89, 91, 92, 95, 97, 98, 100, 101, 103, 104, 106, 107, 109, 110, 112, 113, 115, 116, 118, 119, 121, 122, 124, 125, 127, 128, 130, 131, 133, 134, 136, 137, 139, 140]",92,141,"[1, 2, 4, 5, 7, 8, 10, 11, 13, 14, 16, 17, 19, 20, 22, 23, 25, 26, 28, 29, 31, 32, 34, 35, 37, 38, 40, 41, 43, 44, 46, 49, 50, 52, 53, 55, 56, 58, 59, 61, 62, 64, 65, 67, 68, 70, 71, 73, 74, 76, 77, 79, 80, 82, 83, 85, 86, 88, 89, 91, 92, 95, 97, 98, 100, 101, 103, 104, 106, 107, 109, 110, 112, 113, 115, 116, 118, 119, 121, 122, 124, 125, 127, 128, 130, 131, 133, 134, 136, 137, 139, 140]",92,282,"[2, 4, 8, 10, 14, 16, 20, 22, 26, 28, 32, 34, 38, 40, 44, 46, 50, 52, 56, 58, 62, 64, 68, 70, 74, 76, 80, 82, 86, 88, 92, 98, 100, 104, 106, 110, 112, 116, 118, 122, 124, 128, 130, 134, 136, 140, 142, 146, 148, 152, 154, 158, 160, 164, 166, 170, 172, 176, 178, 182, 184, 190, 194, 196, 200, 202, 206, 208, 212, 214, 218, 220, 224, 226, 230, 232, 236, 238, 242, 244, 248, 250, 254, 256, 260, 262, 266, 268, 272, 274, 278, 280]",92,False
293,146,292,"[2, 6, 10, 14, 18, 22, 26, 30, 34, 38, 42, 46, 50, 54, 58, 62, 66, 70, 74, 78, 82, 86, 90, 94, 98, 102, 106, 110, 114, 118, 122, 126, 130, 134, 138, 142, 150, 154, 158, 162, 166, 170, 174, 178, 182, 186, 190, 194, 198, 202, 206, 210, 214, 218, 222, 226, 230, 234, 238, 242, 246, 250, 254, 258, 262, 266, 270, 274, 278, 282, 286, 290]",72,292,"[2, 6, 10, 14, 18, 22, 26, 30, 34, 38, 42, 46, 50, 54, 58, 62, 66, 70, 74, 78, 82, 86, 90, 94, 98, 102, 106, 110, 114, 118, 122, 126, 130, 134, 138, 142, 150, 154, 158, 162, 166, 170, 174, 178, 182, 186, 190, 194, 198, 202, 206, 210, 214, 218, 222, 226, 230, 234, 238, 242, 246, 250, 254, 258, 262, 266, 270, 274, 278, 282, 286, 290]",72,146,"[1, 3, 5, 7, 9, 11, 13, 15, 17, 19, 21, 23, 25, 27, 29, 31, 33, 35, 37, 39, 41, 43, 45, 47, 49, 51, 53, 55, 57, 59, 61, 63, 65, 67, 69, 71, 75, 77, 79, 81, 83, 85, 87, 89, 91, 93, 95, 97, 99, 101, 103, 105, 107, 109, 111, 113, 115, 117, 119, 121, 123, 125, 127, 129, 131, 133, 135, 137, 139, 141, 143, 145]",72,292,"[2, 6, 10, 14, 18, 22, 26, 30, 34, 38, 42, 46, 50, 54, 58, 62, 66, 70, 74, 78, 82, 86, 90, 94, 98, 102, 106, 110, 114, 118, 122, 126, 130, 134, 138, 142, 150, 154, 158, 162, 166, 170, 174, 178, 182, 186, 190, 194, 198, 202, 206, 210, 214, 218, 222, 226, 230, 234, 238, 242, 246, 250, 254, 258, 262, 266, 270, 274, 278, 282, 286, 290]",72,True
307,153,102,[],0,153,"[1, 2, 4, 5, 7, 8, 10, 11, 13, 14, 16, 19, 20, 22, 23, 25, 26, 28, 29, 31, 32, 35, 37, 38, 40, 41, 43, 44, 46, 47, 49, 50, 52, 53, 55, 56, 58, 59, 61, 62, 64, 65, 67, 70, 71, 73, 74, 76, 77, 79, 80, 82, 83, 86, 88, 89, 91, 92, 94, 95, 97, 98, 100, 101, 103, 104, 106, 107, 109, 110, 112, 113, 115, 116, 118, 121, 122, 124, 125, 127, 128, 130, 131, 133, 134, 137, 139, 140, 142, 143, 145, 146, 148, 149, 151, 152]",96,153,"[1, 2, 4, 5, 7, 8, 10, 11, 13, 14, 16, 19, 20, 22, 23, 25, 26, 28, 29, 31, 32, 35, 37, 38, 40, 41, 43, 44, 46, 47, 49, 50, 52, 53, 55, 56, 58, 59, 61, 62, 64, 65, 67, 70, 71, 73, 74, 76, 77, 79, 80, 82, 83, 86, 88, 89, 91, 92, 94, 95, 97, 98, 100, 101, 103, 104, 106, 107, 109, 110, 112, 113, 115, 116, 118, 121, 122, 124, 125, 127, 128, 130, 131, 133, 134, 137, 139, 140, 142, 143, 145, 146, 148, 149, 151, 152]",96,102,[],0,False
311,155,155,"[1, 2, 3, 4, 6, 7, 8, 9, 11, 12, 13, 14, 16, 17, 18, 19, 21, 22, 23, 24, 26, 27, 28, 29, 32, 33, 34, 36, 37, 38, 39, 41, 42, 43, 44, 46, 47, 48, 49, 51, 52, 53, 54, 56, 57, 58, 59, 61, 63, 64, 66, 67, 68, 69, 71, 72, 73, 74, 76, 77, 78, 79, 81, 82, 83, 84, 86, 87, 88, 89, 91, 92, 94, 96, 97, 98, 99, 101, 102, 103, 104, 106, 107, 108, 109, 111, 112, 113, 114, 116, 117, 118, 119, 121, 122, 123, 126, 127, 128, 129, 131, 132, 133, 134, 136, 137, 138, 139, 141, 142, 143, 144, 146, 147, 148, 149, 151, 152, 153, 154]",120,31,[],0,155,"[1, 2, 3, 4, 6, 7, 8, 9, 11, 12, 13, 14, 16, 17, 18, 19, 21, 22, 23, 24, 26, 27, 28, 29, 32, 33, 34, 36, 37, 38, 39, 41, 42, 43, 44, 46, 47, 48, 49, 51, 52, 53, 54, 56, 57, 58, 59, 61, 63, 64, 66, 67, 68, 69, 71, 72, 73, 74, 76, 77, 78, 79, 81, 82, 83, 84, 86, 87, 88, 89, 91, 92, 94, 96, 97, 98, 99, 101, 102, 103, 104, 106, 107, 108, 109, 111, 112, 113, 114, 116, 117, 118, 119, 121, 122, 123, 126, 127, 128, 129, 131, 132, 133, 134, 136, 137, 138, 139, 141, 142, 143, 144, 146, 147, 148, 149, 151, 152, 153, 154]",120,155,"[1, 2, 3, 4, 6, 7, 8, 9, 11, 12, 13, 14, 16, 17, 18, 19, 21, 22, 23, 24, 26, 27, 28, 29, 32, 33, 34, 36, 37, 38, 39, 41, 42, 43, 44, 46, 47, 48, 49, 51, 52, 53, 54, 56, 57, 58, 59, 61, 63, 64, 66, 67, 68, 69, 71, 72, 73, 74, 76, 77, 78, 79, 81, 82, 83, 84, 86, 87, 88, 89, 91, 92, 94, 96, 97, 98, 99, 101, 102, 103, 104, 106, 107, 108, 109, 111, 112, 113, 114, 116, 117, 118, 119, 121, 122, 123, 126, 127, 128, 129, 131, 132, 133, 134, 136, 137, 138, 139, 141, 142, 143, 144, 146, 147, 148, 149, 151, 152, 153, 154]",120,False
313,156,156,"[1, 5, 7, 11, 17, 19, 23, 25, 29, 31, 35, 37, 41, 43, 47, 49, 53, 55, 59, 61, 67, 71, 73, 77, 79, 83, 85, 89, 95, 97, 101, 103, 107, 109, 113, 115, 119, 121, 125, 127, 131, 133, 137, 139, 145, 149, 151, 155]",48,104,[],0,312,"[2, 10, 14, 22, 34, 38, 46, 50, 58, 62, 70, 74, 82, 86, 94, 98, 106, 110, 118, 122, 134, 142, 146, 154, 158, 166, 170, 178, 190, 194, 202, 206, 214, 218, 226, 230, 238, 242, 250, 254, 262, 266, 274, 278, 290, 298, 302, 310]",48,78,[],0,False
317,158,316,"[2, 6, 10, 14, 18, 22, 26, 30, 34, 38, 42, 46, 50, 54, 58, 62, 66, 70, 74, 78, 82, 86, 90, 94, 98, 102, 106, 110, 114, 118, 122, 126, 130, 134, 138, 142, 146, 150, 154, 162, 166, 170, 174, 178, 182, 186, 190, 194, 198, 202, 206, 210, 214, 218, 222, 226, 230, 234, 238, 242, 246, 250, 254, 258, 262, 266, 270, 274, 278, 282, 286, 290, 294, 298, 302, 306, 310, 314]",78,158,"[1, 3, 5, 7, 9, 11, 13, 15, 17, 19, 21, 23, 25, 27, 29, 31, 33, 35, 37, 39, 41, 43, 45, 47, 49, 51, 53, 55, 57, 59, 61, 63, 65, 67, 69, 71, 73, 75, 77, 81, 83, 85, 87, 89, 91, 93, 95, 97, 99, 101, 103, 105, 107, 109, 111, 113, 115, 117, 119, 121, 123, 125, 127, 129, 131, 133, 135, 137, 139, 141, 143, 145, 147, 149, 151, 153, 155, 157]",78,79,[],0,316,"[2, 6, 10, 14, 18, 22, 26, 30, 34, 38, 42, 46, 50, 54, 58, 62, 66, 70, 74, 78, 82, 86, 90, 94, 98, 102, 106, 110, 114, 118, 122, 126, 130, 134, 138, 142, 146, 150, 154, 162, 166, 170, 174, 178, 182, 186, 190, 194, 198, 202, 206, 210, 214, 218, 222, 226, 230, 234, 238, 242, 246, 250, 254, 258, 262, 266, 270, 274, 278, 282, 286, 290, 294, 298, 302, 306, 310, 314]",78,False
331,165,30,[],0,110,[],0,110,[],0,110,[],0,True
337,168,21,[],0,56,[],0,336,"[2, 10, 22, 26, 34, 38, 46, 50, 58, 62, 74, 82, 86, 94, 106, 110, 118, 122, 130, 134, 142, 146, 158, 166, 170, 178, 190, 194, 202, 206, 214, 218, 226, 230, 242, 250, 254, 262, 274, 278, 286, 290, 298, 302, 310, 314, 326, 334]",48,168,"[1, 5, 11, 13, 17, 19, 23, 25, 29, 31, 37, 41, 43, 47, 53, 55, 59, 61, 65, 67, 71, 73, 79, 83, 85, 89, 95, 97, 101, 103, 107, 109, 113, 115, 121, 125, 127, 131, 137, 139, 143, 145, 149, 151, 155, 157, 163, 167]",48,False
347,173,346,"[2, 4, 6, 8, 10, 12, 14, 16, 18, 20, 22, 24, 26, 28, 30, 32, 34, 36, 38, 40, 42, 44, 46, 48, 50, 52, 54, 56, 58, 60, 62, 64, 66, 68, 70, 72, 74, 76, 78, 80, 82, 84, 86, 88, 90, 92, 94, 96, 98, 100, 102, 104, 106, 108, 110, 112, 114, 116, 118, 120, 122, 124, 126, 128, 130, 132, 134, 136, 138, 140, 142, 144, 146, 148, 150, 152, 154, 156, 158, 160, 162, 164, 166, 168, 170, 172, 174, 176, 178, 180, 182, 184, 186, 188, 190, 192, 194, 196, 198, 200, 202, 204, 206, 208, 210, 212, 214, 216, 218, 220, 222, 224, 226, 228, 230, 232, 234, 236, 238, 240, 242, 244, 246, 248, 250, 252, 254, 256, 258, 260, 262, 264, 266, 268, 270, 272, 274, 276, 278, 280, 282, 284, 286, 288, 290, 292, 294, 296, 298, 300, 302, 304, 306, 308, 310, 312, 314, 316, 318, 320, 322, 324, 326, 328, 330, 332, 334, 336, 338, 340, 342, 344]",172,346,"[2, 4, 6, 8, 10, 12, 14, 16, 18, 20, 22, 24, 26, 28, 30, 32, 34, 36, 38, 40, 42, 44, 46, 48, 50, 52, 54, 56, 58, 60, 62, 64, 66, 68, 70, 72, 74, 76, 78, 80, 82, 84, 86, 88, 90, 92, 94, 96, 98, 100, 102, 104, 106, 108, 110, 112, 114, 116, 118, 120, 122, 124, 126, 128, 130, 132, 134, 136, 138, 140, 142, 144, 146, 148, 150, 152, 154, 156, 158, 160, 162, 164, 166, 168, 170, 172, 174, 176, 178, 180, 182, 184, 186, 188, 190, 192, 194, 196, 198, 200, 202, 204, 206, 208, 210, 212, 214, 216, 218, 220, 222, 224, 226, 228, 230, 232, 234, 236, 238, 240, 242, 244, 246, 248, 250, 252, 254, 256, 258, 260, 262, 264, 266, 268, 270, 272, 274, 276, 278, 280, 282, 284, 286, 288, 290, 292, 294, 296, 298, 300, 302, 304, 306, 308, 310, 312, 314, 316, 318, 320, 322, 324, 326, 328, 330, 332, 334, 336, 338, 340, 342, 344]",172,173,"[1, 2, 3, 4, 5, 6, 7, 8, 9, 10, 11, 12, 13, 14, 15, 16, 17, 18, 19, 20, 21, 22, 23, 24, 25, 26, 27, 28, 29, 30, 31, 32, 33, 34, 35, 36, 37, 38, 39, 40, 41, 42, 43, 44, 45, 46, 47, 48, 49, 50, 51, 52, 53, 54, 55, 56, 57, 58, 59, 60, 61, 62, 63, 64, 65, 66, 67, 68, 69, 70, 71, 72, 73, 74, 75, 76, 77, 78, 79, 80, 81, 82, 83, 84, 85, 86, 87, 88, 89, 90, 91, 92, 93, 94, 95, 96, 97, 98, 99, 100, 101, 102, 103, 104, 105, 106, 107, 108, 109, 110, 111, 112, 113, 114, 115, 116, 117, 118, 119, 120, 121, 122, 123, 124, 125, 126, 127, 128, 129, 130, 131, 132, 133, 134, 135, 136, 137, 138, 139, 140, 141, 142, 143, 144, 145, 146, 147, 148, 149, 150, 151, 152, 153, 154, 155, 156, 157, 158, 159, 160, 161, 162, 163, 164, 165, 166, 167, 168, 169, 170, 171, 172]",172,173,"[1, 2, 3, 4, 5, 6, 7, 8, 9, 10, 11, 12, 13, 14, 15, 16, 17, 18, 19, 20, 21, 22, 23, 24, 25, 26, 27, 28, 29, 30, 31, 32, 33, 34, 35, 36, 37, 38, 39, 40, 41, 42, 43, 44, 45, 46, 47, 48, 49, 50, 51, 52, 53, 54, 55, 56, 57, 58, 59, 60, 61, 62, 63, 64, 65, 66, 67, 68, 69, 70, 71, 72, 73, 74, 75, 76, 77, 78, 79, 80, 81, 82, 83, 84, 85, 86, 87, 88, 89, 90, 91, 92, 93, 94, 95, 96, 97, 98, 99, 100, 101, 102, 103, 104, 105, 106, 107, 108, 109, 110, 111, 112, 113, 114, 115, 116, 117, 118, 119, 120, 121, 122, 123, 124, 125, 126, 127, 128, 129, 130, 131, 132, 133, 134, 135, 136, 137, 138, 139, 140, 141, 142, 143, 144, 145, 146, 147, 148, 149, 150, 151, 152, 153, 154, 155, 156, 157, 158, 159, 160, 161, 162, 163, 164, 165, 166, 167, 168, 169, 170, 171, 172]",172,True
349,174,348,"[2, 10, 14, 22, 26, 34, 38, 46, 50, 62, 70, 74, 82, 86, 94, 98, 106, 110, 118, 122, 130, 134, 142, 146, 154, 158, 166, 170, 178, 182, 190, 194, 202, 206, 214, 218, 226, 230, 238, 242, 250, 254, 262, 266, 274, 278, 286, 298, 302, 310, 314, 322, 326, 334, 338, 346]",56,348,"[2, 10, 14, 22, 26, 34, 38, 46, 50, 62, 70, 74, 82, 86, 94, 98, 106, 110, 118, 122, 130, 134, 142, 146, 154, 158, 166, 170, 178, 182, 190, 194, 202, 206, 214, 218, 226, 230, 238, 242, 250, 254, 262, 266, 274, 278, 286, 298, 302, 310, 314, 322, 326, 334, 338, 346]",56,116,[],0,87,[],0,False
353,176,88,[],0,32,[],0,32,[],0,352,"[2, 6, 10, 14, 18, 26, 30, 34, 38, 42, 46, 50, 54, 58, 62, 70, 74, 78, 82, 86, 90, 94, 98, 102, 106, 114, 118, 122, 126, 130, 134, 138, 142, 146, 150, 158, 162, 166, 170, 174, 178, 182, 186, 190, 194, 202, 206, 210, 214, 218, 222, 226, 230, 234, 238, 246, 250, 254, 258, 262, 266, 270, 274, 278, 282, 290, 294, 298, 302, 306, 310, 314, 318, 322, 326, 334, 338, 342, 346, 350]",80,False
359,179,179,"[1, 2, 3, 4, 5, 6, 7, 8, 9, 10, 11, 12, 13, 14, 15, 16, 17, 18, 19, 20, 21, 22, 23, 24, 25, 26, 27, 28, 29, 30, 31, 32, 33, 34, 35, 36, 37, 38, 39, 40, 41, 42, 43, 44, 45, 46, 47, 48, 49, 50, 51, 52, 53, 54, 55, 56, 57, 58, 59, 60, 61, 62, 63, 64, 65, 66, 67, 68, 69, 70, 71, 72, 73, 74, 75, 76, 77, 78, 79, 80, 81, 82, 83, 84, 85, 86, 87, 88, 89, 90, 91, 92, 93, 94, 95, 96, 97, 98, 99, 100, 101, 102, 103, 104, 105, 106, 107, 108, 109, 110, 111, 112, 113, 114, 115, 116, 117, 118, 119, 120, 121, 122, 123, 124, 125, 126, 127, 128, 129, 130, 131, 132, 133, 134, 135, 136, 137, 138, 139, 140, 141, 142, 143, 144, 145, 146, 147, 148, 149, 150, 151, 152, 153, 154, 155, 156, 157, 158, 159, 160, 161, 162, 163, 164, 165, 166, 167, 168, 169, 170, 171, 172, 173, 174, 175, 176, 177, 178]",178,358,"[2, 4, 6, 8, 10, 12, 14, 16, 18, 20, 22, 24, 26, 28, 30, 32, 34, 36, 38, 40, 42, 44, 46, 48, 50, 52, 54, 56, 58, 60, 62, 64, 66, 68, 70, 72, 74, 76, 78, 80, 82, 84, 86, 88, 90, 92, 94, 96, 98, 100, 102, 104, 106, 108, 110, 112, 114, 116, 118, 120, 122, 124, 126, 128, 130, 132, 134, 136, 138, 140, 142, 144, 146, 148, 150, 152, 154, 156, 158, 160, 162, 164, 166, 168, 170, 172, 174, 176, 178, 180, 182, 184, 186, 188, 190, 192, 194, 196, 198, 200, 202, 204, 206, 208, 210, 212, 214, 216, 218, 220, 222, 224, 226, 228, 230, 232, 234, 236, 238, 240, 242, 244, 246, 248, 250, 252, 254, 256, 258, 260, 262, 264, 266, 268, 270, 272, 274, 276, 278, 280, 282, 284, 286, 288, 290, 292, 294, 296, 298, 300, 302, 304, 306, 308, 310, 312, 314, 316, 318, 320, 322, 324, 326, 328, 330, 332, 334, 336, 338, 340, 342, 344, 346, 348, 350, 352, 354, 356]",178,179,"[1, 2, 3, 4, 5, 6, 7, 8, 9, 10, 11, 12, 13, 14, 15, 16, 17, 18, 19, 20, 21, 22, 23, 24, 25, 26, 27, 28, 29, 30, 31, 32, 33, 34, 35, 36, 37, 38, 39, 40, 41, 42, 43, 44, 45, 46, 47, 48, 49, 50, 51, 52, 53, 54, 55, 56, 57, 58, 59, 60, 61, 62, 63, 64, 65, 66, 67, 68, 69, 70, 71, 72, 73, 74, 75, 76, 77, 78, 79, 80, 81, 82, 83, 84, 85, 86, 87, 88, 89, 90, 91, 92, 93, 94, 95, 96, 97, 98, 99, 100, 101, 102, 103, 104, 105, 106, 107, 108, 109, 110, 111, 112, 113, 114, 115, 116, 117, 118, 119, 120, 121, 122, 123, 124, 125, 126, 127, 128, 129, 130, 131, 132, 133, 134, 135, 136, 137, 138, 139, 140, 141, 142, 143, 144, 145, 146, 147, 148, 149, 150, 151, 152, 153, 154, 155, 156, 157, 158, 159, 160, 161, 162, 163, 164, 165, 166, 167, 168, 169, 170, 171, 172, 173, 174, 175, 176, 177, 178]",178,179,"[1, 2, 3, 4, 5, 6, 7, 8, 9, 10, 11, 12, 13, 14, 15, 16, 17, 18, 19, 20, 21, 22, 23, 24, 25, 26, 27, 28, 29, 30, 31, 32, 33, 34, 35, 36, 37, 38, 39, 40, 41, 42, 43, 44, 45, 46, 47, 48, 49, 50, 51, 52, 53, 54, 55, 56, 57, 58, 59, 60, 61, 62, 63, 64, 65, 66, 67, 68, 69, 70, 71, 72, 73, 74, 75, 76, 77, 78, 79, 80, 81, 82, 83, 84, 85, 86, 87, 88, 89, 90, 91, 92, 93, 94, 95, 96, 97, 98, 99, 100, 101, 102, 103, 104, 105, 106, 107, 108, 109, 110, 111, 112, 113, 114, 115, 116, 117, 118, 119, 120, 121, 122, 123, 124, 125, 126, 127, 128, 129, 130, 131, 132, 133, 134, 135, 136, 137, 138, 139, 140, 141, 142, 143, 144, 145, 146, 147, 148, 149, 150, 151, 152, 153, 154, 155, 156, 157, 158, 159, 160, 161, 162, 163, 164, 165, 166, 167, 168, 169, 170, 171, 172, 173, 174, 175, 176, 177, 178]",178,True
367,183,183,"[1, 2, 4, 5, 7, 8, 10, 11, 13, 14, 16, 17, 19, 20, 22, 23, 25, 26, 28, 29, 31, 32, 34, 35, 37, 38, 40, 41, 43, 44, 46, 47, 49, 50, 52, 53, 55, 56, 58, 59, 62, 64, 65, 67, 68, 70, 71, 73, 74, 76, 77, 79, 80, 82, 83, 85, 86, 88, 89, 91, 92, 94, 95, 97, 98, 100, 101, 103, 104, 106, 107, 109, 110, 112, 113, 115, 116, 118, 119, 121, 124, 125, 127, 128, 130, 131, 133, 134, 136, 137, 139, 140, 142, 143, 145, 146, 148, 149, 151, 152, 154, 155, 157, 158, 160, 161, 163, 164, 166, 167, 169, 170, 172, 173, 175, 176, 178, 179, 181, 182]",120,61,[],0,366,"[2, 4, 8, 10, 14, 16, 20, 22, 26, 28, 32, 34, 38, 40, 44, 46, 50, 52, 56, 58, 62, 64, 68, 70, 74, 76, 80, 82, 86, 88, 92, 94, 98, 100, 104, 106, 110, 112, 116, 118, 124, 128, 130, 134, 136, 140, 142, 146, 148, 152, 154, 158, 160, 164, 166, 170, 172, 176, 178, 182, 184, 188, 190, 194, 196, 200, 202, 206, 208, 212, 214, 218, 220, 224, 226, 230, 232, 236, 238, 242, 248, 250, 254, 256, 260, 262, 266, 268, 272, 274, 278, 280, 284, 286, 290, 292, 296, 298, 302, 304, 308, 310, 314, 316, 320, 322, 326, 328, 332, 334, 338, 340, 344, 346, 350, 352, 356, 358, 362, 364]",120,366,"[2, 4, 8, 10, 14, 16, 20, 22, 26, 28, 32, 34, 38, 40, 44, 46, 50, 52, 56, 58, 62, 64, 68, 70, 74, 76, 80, 82, 86, 88, 92, 94, 98, 100, 104, 106, 110, 112, 116, 118, 124, 128, 130, 134, 136, 140, 142, 146, 148, 152, 154, 158, 160, 164, 166, 170, 172, 176, 178, 182, 184, 188, 190, 194, 196, 200, 202, 206, 208, 212, 214, 218, 220, 224, 226, 230, 232, 236, 238, 242, 248, 250, 254, 256, 260, 262, 266, 268, 272, 274, 278, 280, 284, 286, 290, 292, 296, 298, 302, 304, 308, 310, 314, 316, 320, 322, 326, 328, 332, 334, 338, 340, 344, 346, 350, 352, 356, 358, 362, 364]",120,False
373,186,372,"[2, 10, 14, 22, 26, 34, 38, 46, 50, 58, 70, 74, 82, 86, 94, 98, 106, 110, 118, 122, 130, 134, 142, 146, 154, 158, 166, 170, 178, 182, 190, 194, 202, 206, 214, 218, 226, 230, 238, 242, 250, 254, 262, 266, 274, 278, 286, 290, 298, 302, 314, 322, 326, 334, 338, 346, 350, 358, 362, 370]",60,62,[],0,186,"[1, 5, 7, 11, 13, 17, 19, 23, 25, 29, 35, 37, 41, 43, 47, 49, 53, 55, 59, 61, 65, 67, 71, 73, 77, 79, 83, 85, 89, 91, 95, 97, 101, 103, 107, 109, 113, 115, 119, 121, 125, 127, 131, 133, 137, 139, 143, 145, 149, 151, 157, 161, 163, 167, 169, 173, 175, 179, 181, 185]",60,31,[],0,False
379,189,378,"[2, 4, 8, 10, 16, 20, 22, 26, 32, 34, 38, 40, 44, 46, 50, 52, 58, 62, 64, 68, 74, 76, 80, 82, 86, 88, 92, 94, 100, 104, 106, 110, 116, 118, 122, 124, 128, 130, 134, 136, 142, 146, 148, 152, 158, 160, 164, 166, 170, 172, 176, 178, 184, 188, 190, 194, 200, 202, 206, 208, 212, 214, 218, 220, 226, 230, 232, 236, 242, 244, 248, 250, 254, 256, 260, 262, 268, 272, 274, 278, 284, 286, 290, 292, 296, 298, 302, 304, 310, 314, 316, 320, 326, 328, 332, 334, 338, 340, 344, 346, 352, 356, 358, 362, 368, 370, 374, 376]",108,378,"[2, 4, 8, 10, 16, 20, 22, 26, 32, 34, 38, 40, 44, 46, 50, 52, 58, 62, 64, 68, 74, 76, 80, 82, 86, 88, 92, 94, 100, 104, 106, 110, 116, 118, 122, 124, 128, 130, 134, 136, 142, 146, 148, 152, 158, 160, 164, 166, 170, 172, 176, 178, 184, 188, 190, 194, 200, 202, 206, 208, 212, 214, 218, 220, 226, 230, 232, 236, 242, 244, 248, 250, 254, 256, 260, 262, 268, 272, 274, 278, 284, 286, 290, 292, 296, 298, 302, 304, 310, 314, 316, 320, 326, 328, 332, 334, 338, 340, 344, 346, 352, 356, 358, 362, 368, 370, 374, 376]",108,378,"[2, 4, 8, 10, 16, 20, 22, 26, 32, 34, 38, 40, 44, 46, 50, 52, 58, 62, 64, 68, 74, 76, 80, 82, 86, 88, 92, 94, 100, 104, 106, 110, 116, 118, 122, 124, 128, 130, 134, 136, 142, 146, 148, 152, 158, 160, 164, 166, 170, 172, 176, 178, 184, 188, 190, 194, 200, 202, 206, 208, 212, 214, 218, 220, 226, 230, 232, 236, 242, 244, 248, 250, 254, 256, 260, 262, 268, 272, 274, 278, 284, 286, 290, 292, 296, 298, 302, 304, 310, 314, 316, 320, 326, 328, 332, 334, 338, 340, 344, 346, 352, 356, 358, 362, 368, 370, 374, 376]",108,378,"[2, 4, 8, 10, 16, 20, 22, 26, 32, 34, 38, 40, 44, 46, 50, 52, 58, 62, 64, 68, 74, 76, 80, 82, 86, 88, 92, 94, 100, 104, 106, 110, 116, 118, 122, 124, 128, 130, 134, 136, 142, 146, 148, 152, 158, 160, 164, 166, 170, 172, 176, 178, 184, 188, 190, 194, 200, 202, 206, 208, 212, 214, 218, 220, 226, 230, 232, 236, 242, 244, 248, 250, 254, 256, 260, 262, 268, 272, 274, 278, 284, 286, 290, 292, 296, 298, 302, 304, 310, 314, 316, 320, 326, 328, 332, 334, 338, 340, 344, 346, 352, 356, 358, 362, 368, 370, 374, 376]",108,True
383,191,191,"[1, 2, 3, 4, 5, 6, 7, 8, 9, 10, 11, 12, 13, 14, 15, 16, 17, 18, 19, 20, 21, 22, 23, 24, 25, 26, 27, 28, 29, 30, 31, 32, 33, 34, 35, 36, 37, 38, 39, 40, 41, 42, 43, 44, 45, 46, 47, 48, 49, 50, 51, 52, 53, 54, 55, 56, 57, 58, 59, 60, 61, 62, 63, 64, 65, 66, 67, 68, 69, 70, 71, 72, 73, 74, 75, 76, 77, 78, 79, 80, 81, 82, 83, 84, 85, 86, 87, 88, 89, 90, 91, 92, 93, 94, 95, 96, 97, 98, 99, 100, 101, 102, 103, 104, 105, 106, 107, 108, 109, 110, 111, 112, 113, 114, 115, 116, 117, 118, 119, 120, 121, 122, 123, 124, 125, 126, 127, 128, 129, 130, 131, 132, 133, 134, 135, 136, 137, 138, 139, 140, 141, 142, 143, 144, 145, 146, 147, 148, 149, 150, 151, 152, 153, 154, 155, 156, 157, 158, 159, 160, 161, 162, 163, 164, 165, 166, 167, 168, 169, 170, 171, 172, 173, 174, 175, 176, 177, 178, 179, 180, 181, 182, 183, 184, 185, 186, 187, 188, 189, 190]",190,191,"[1, 2, 3, 4, 5, 6, 7, 8, 9, 10, 11, 12, 13, 14, 15, 16, 17, 18, 19, 20, 21, 22, 23, 24, 25, 26, 27, 28, 29, 30, 31, 32, 33, 34, 35, 36, 37, 38, 39, 40, 41, 42, 43, 44, 45, 46, 47, 48, 49, 50, 51, 52, 53, 54, 55, 56, 57, 58, 59, 60, 61, 62, 63, 64, 65, 66, 67, 68, 69, 70, 71, 72, 73, 74, 75, 76, 77, 78, 79, 80, 81, 82, 83, 84, 85, 86, 87, 88, 89, 90, 91, 92, 93, 94, 95, 96, 97, 98, 99, 100, 101, 102, 103, 104, 105, 106, 107, 108, 109, 110, 111, 112, 113, 114, 115, 116, 117, 118, 119, 120, 121, 122, 123, 124, 125, 126, 127, 128, 129, 130, 131, 132, 133, 134, 135, 136, 137, 138, 139, 140, 141, 142, 143, 144, 145, 146, 147, 148, 149, 150, 151, 152, 153, 154, 155, 156, 157, 158, 159, 160, 161, 162, 163, 164, 165, 166, 167, 168, 169, 170, 171, 172, 173, 174, 175, 176, 177, 178, 179, 180, 181, 182, 183, 184, 185, 186, 187, 188, 189, 190]",190,382,"[2, 4, 6, 8, 10, 12, 14, 16, 18, 20, 22, 24, 26, 28, 30, 32, 34, 36, 38, 40, 42, 44, 46, 48, 50, 52, 54, 56, 58, 60, 62, 64, 66, 68, 70, 72, 74, 76, 78, 80, 82, 84, 86, 88, 90, 92, 94, 96, 98, 100, 102, 104, 106, 108, 110, 112, 114, 116, 118, 120, 122, 124, 126, 128, 130, 132, 134, 136, 138, 140, 142, 144, 146, 148, 150, 152, 154, 156, 158, 160, 162, 164, 166, 168, 170, 172, 174, 176, 178, 180, 182, 184, 186, 188, 190, 192, 194, 196, 198, 200, 202, 204, 206, 208, 210, 212, 214, 216, 218, 220, 222, 224, 226, 228, 230, 232, 234, 236, 238, 240, 242, 244, 246, 248, 250, 252, 254, 256, 258, 260, 262, 264, 266, 268, 270, 272, 274, 276, 278, 280, 282, 284, 286, 288, 290, 292, 294, 296, 298, 300, 302, 304, 306, 308, 310, 312, 314, 316, 318, 320, 322, 324, 326, 328, 330, 332, 334, 336, 338, 340, 342, 344, 346, 348, 350, 352, 354, 356, 358, 360, 362, 364, 366, 368, 370, 372, 374, 376, 378, 380]",190,191,"[1, 2, 3, 4, 5, 6, 7, 8, 9, 10, 11, 12, 13, 14, 15, 16, 17, 18, 19, 20, 21, 22, 23, 24, 25, 26, 27, 28, 29, 30, 31, 32, 33, 34, 35, 36, 37, 38, 39, 40, 41, 42, 43, 44, 45, 46, 47, 48, 49, 50, 51, 52, 53, 54, 55, 56, 57, 58, 59, 60, 61, 62, 63, 64, 65, 66, 67, 68, 69, 70, 71, 72, 73, 74, 75, 76, 77, 78, 79, 80, 81, 82, 83, 84, 85, 86, 87, 88, 89, 90, 91, 92, 93, 94, 95, 96, 97, 98, 99, 100, 101, 102, 103, 104, 105, 106, 107, 108, 109, 110, 111, 112, 113, 114, 115, 116, 117, 118, 119, 120, 121, 122, 123, 124, 125, 126, 127, 128, 129, 130, 131, 132, 133, 134, 135, 136, 137, 138, 139, 140, 141, 142, 143, 144, 145, 146, 147, 148, 149, 150, 151, 152, 153, 154, 155, 156, 157, 158, 159, 160, 161, 162, 163, 164, 165, 166, 167, 168, 169, 170, 171, 172, 173, 174, 175, 176, 177, 178, 179, 180, 181, 182, 183, 184, 185, 186, 187, 188, 189, 190]",190,True
389,194,388,"[2, 6, 10, 14, 18, 22, 26, 30, 34, 38, 42, 46, 50, 54, 58, 62, 66, 70, 74, 78, 82, 86, 90, 94, 98, 102, 106, 110, 114, 118, 122, 126, 130, 134, 138, 142, 146, 150, 154, 158, 162, 166, 170, 174, 178, 182, 186, 190, 198, 202, 206, 210, 214, 218, 222, 226, 230, 234, 238, 242, 246, 250, 254, 258, 262, 266, 270, 274, 278, 282, 286, 290, 294, 298, 302, 306, 310, 314, 318, 322, 326, 330, 334, 338, 342, 346, 350, 354, 358, 362, 366, 370, 374, 378, 382, 386]",96,97,[],0,388,"[2, 6, 10, 14, 18, 22, 26, 30, 34, 38, 42, 46, 50, 54, 58, 62, 66, 70, 74, 78, 82, 86, 90, 94, 98, 102, 106, 110, 114, 118, 122, 126, 130, 134, 138, 142, 146, 150, 154, 158, 162, 166, 170, 174, 178, 182, 186, 190, 198, 202, 206, 210, 214, 218, 222, 226, 230, 234, 238, 242, 246, 250, 254, 258, 262, 266, 270, 274, 278, 282, 286, 290, 294, 298, 302, 306, 310, 314, 318, 322, 326, 330, 334, 338, 342, 346, 350, 354, 358, 362, 366, 370, 374, 378, 382, 386]",96,388,"[2, 6, 10, 14, 18, 22, 26, 30, 34, 38, 42, 46, 50, 54, 58, 62, 66, 70, 74, 78, 82, 86, 90, 94, 98, 102, 106, 110, 114, 118, 122, 126, 130, 134, 138, 142, 146, 150, 154, 158, 162, 166, 170, 174, 178, 182, 186, 190, 198, 202, 206, 210, 214, 218, 222, 226, 230, 234, 238, 242, 246, 250, 254, 258, 262, 266, 270, 274, 278, 282, 286, 290, 294, 298, 302, 306, 310, 314, 318, 322, 326, 330, 334, 338, 342, 346, 350, 354, 358, 362, 366, 370, 374, 378, 382, 386]",96,False
397,198,44,[],0,396,"[2, 10, 14, 26, 34, 38, 46, 50, 58, 62, 70, 74, 82, 86, 94, 98, 106, 118, 122, 130, 134, 142, 146, 158, 166, 170, 178, 182, 190, 194, 202, 206, 214, 218, 226, 230, 238, 250, 254, 262, 266, 274, 278, 290, 298, 302, 310, 314, 322, 326, 334, 338, 346, 350, 358, 362, 370, 382, 386, 394]",60,99,[],0,99,[],0,False
401,200,200,"[1, 3, 7, 9, 11, 13, 17, 19, 21, 23, 27, 29, 31, 33, 37, 39, 41, 43, 47, 49, 51, 53, 57, 59, 61, 63, 67, 69, 71, 73, 77, 79, 81, 83, 87, 89, 91, 93, 97, 99, 101, 103, 107, 109, 111, 113, 117, 119, 121, 123, 127, 129, 131, 133, 137, 139, 141, 143, 147, 149, 151, 153, 157, 159, 161, 163, 167, 169, 171, 173, 177, 179, 181, 183, 187, 189, 191, 193, 197, 199]",80,200,"[1, 3, 7, 9, 11, 13, 17, 19, 21, 23, 27, 29, 31, 33, 37, 39, 41, 43, 47, 49, 51, 53, 57, 59, 61, 63, 67, 69, 71, 73, 77, 79, 81, 83, 87, 89, 91, 93, 97, 99, 101, 103, 107, 109, 111, 113, 117, 119, 121, 123, 127, 129, 131, 133, 137, 139, 141, 143, 147, 149, 151, 153, 157, 159, 161, 163, 167, 169, 171, 173, 177, 179, 181, 183, 187, 189, 191, 193, 197, 199]",80,200,"[1, 3, 7, 9, 11, 13, 17, 19, 21, 23, 27, 29, 31, 33, 37, 39, 41, 43, 47, 49, 51, 53, 57, 59, 61, 63, 67, 69, 71, 73, 77, 79, 81, 83, 87, 89, 91, 93, 97, 99, 101, 103, 107, 109, 111, 113, 117, 119, 121, 123, 127, 129, 131, 133, 137, 139, 141, 143, 147, 149, 151, 153, 157, 159, 161, 163, 167, 169, 171, 173, 177, 179, 181, 183, 187, 189, 191, 193, 197, 199]",80,400,"[2, 6, 14, 18, 22, 26, 34, 38, 42, 46, 54, 58, 62, 66, 74, 78, 82, 86, 94, 98, 102, 106, 114, 118, 122, 126, 134, 138, 142, 146, 154, 158, 162, 166, 174, 178, 182, 186, 194, 198, 202, 206, 214, 218, 222, 226, 234, 238, 242, 246, 254, 258, 262, 266, 274, 278, 282, 286, 294, 298, 302, 306, 314, 318, 322, 326, 334, 338, 342, 346, 354, 358, 362, 366, 374, 378, 382, 386, 394, 398]",80,True
409,204,204,"[1, 5, 7, 11, 13, 19, 23, 25, 29, 31, 35, 37, 41, 43, 47, 49, 53, 55, 59, 61, 65, 67, 71, 73, 77, 79, 83, 89, 91, 95, 97, 101, 103, 107, 109, 113, 115, 121, 125, 127, 131, 133, 137, 139, 143, 145, 149, 151, 155, 157, 161, 163, 167, 169, 173, 175, 179, 181, 185, 191, 193, 197, 199, 203]",64,24,[],0,204,"[1, 5, 7, 11, 13, 19, 23, 25, 29, 31, 35, 37, 41, 43, 47, 49, 53, 55, 59, 61, 65, 67, 71, 73, 77, 79, 83, 89, 91, 95, 97, 101, 103, 107, 109, 113, 115, 121, 125, 127, 131, 133, 137, 139, 143, 145, 149, 151, 155, 157, 161, 163, 167, 169, 173, 175, 179, 181, 185, 191, 193, 197, 199, 203]",64,204,"[1, 5, 7, 11, 13, 19, 23, 25, 29, 31, 35, 37, 41, 43, 47, 49, 53, 55, 59, 61, 65, 67, 71, 73, 77, 79, 83, 89, 91, 95, 97, 101, 103, 107, 109, 113, 115, 121, 125, 127, 131, 133, 137, 139, 143, 145, 149, 151, 155, 157, 161, 163, 167, 169, 173, 175, 179, 181, 185, 191, 193, 197, 199, 203]",64,False
419,209,418,"[2, 4, 6, 8, 10, 12, 14, 16, 18, 20, 24, 26, 28, 30, 32, 34, 36, 40, 42, 46, 48, 50, 52, 54, 56, 58, 60, 62, 64, 68, 70, 72, 74, 78, 80, 82, 84, 86, 90, 92, 94, 96, 98, 100, 102, 104, 106, 108, 112, 116, 118, 120, 122, 124, 126, 128, 130, 134, 136, 138, 140, 142, 144, 146, 148, 150, 156, 158, 160, 162, 164, 166, 168, 170, 172, 174, 178, 180, 182, 184, 186, 188, 192, 194, 196, 200, 202, 204, 206, 208, 210, 212, 214, 216, 218, 222, 224, 226, 230, 232, 234, 236, 238, 240, 244, 246, 248, 250, 252, 254, 256, 258, 260, 262, 268, 270, 272, 274, 276, 278, 280, 282, 284, 288, 290, 292, 294, 296, 298, 300, 302, 306, 310, 312, 314, 316, 318, 320, 322, 324, 326, 328, 332, 334, 336, 338, 340, 344, 346, 348, 350, 354, 356, 358, 360, 362, 364, 366, 368, 370, 372, 376, 378, 382, 384, 386, 388, 390, 392, 394, 398, 400, 402, 404, 406, 408, 410, 412, 414, 416]",180,19,[],0,418,"[2, 4, 6, 8, 10, 12, 14, 16, 18, 20, 24, 26, 28, 30, 32, 34, 36, 40, 42, 46, 48, 50, 52, 54, 56, 58, 60, 62, 64, 68, 70, 72, 74, 78, 80, 82, 84, 86, 90, 92, 94, 96, 98, 100, 102, 104, 106, 108, 112, 116, 118, 120, 122, 124, 126, 128, 130, 134, 136, 138, 140, 142, 144, 146, 148, 150, 156, 158, 160, 162, 164, 166, 168, 170, 172, 174, 178, 180, 182, 184, 186, 188, 192, 194, 196, 200, 202, 204, 206, 208, 210, 212, 214, 216, 218, 222, 224, 226, 230, 232, 234, 236, 238, 240, 244, 246, 248, 250, 252, 254, 256, 258, 260, 262, 268, 270, 272, 274, 276, 278, 280, 282, 284, 288, 290, 292, 294, 296, 298, 300, 302, 306, 310, 312, 314, 316, 318, 320, 322, 324, 326, 328, 332, 334, 336, 338, 340, 344, 346, 348, 350, 354, 356, 358, 360, 362, 364, 366, 368, 370, 372, 376, 378, 382, 384, 386, 388, 390, 392, 394, 398, 400, 402, 404, 406, 408, 410, 412, 414, 416]",180,209,"[1, 2, 3, 4, 5, 6, 7, 8, 9, 10, 12, 13, 14, 15, 16, 17, 18, 20, 21, 23, 24, 25, 26, 27, 28, 29, 30, 31, 32, 34, 35, 36, 37, 39, 40, 41, 42, 43, 45, 46, 47, 48, 49, 50, 51, 52, 53, 54, 56, 58, 59, 60, 61, 62, 63, 64, 65, 67, 68, 69, 70, 71, 72, 73, 74, 75, 78, 79, 80, 81, 82, 83, 84, 85, 86, 87, 89, 90, 91, 92, 93, 94, 96, 97, 98, 100, 101, 102, 103, 104, 105, 106, 107, 108, 109, 111, 112, 113, 115, 116, 117, 118, 119, 120, 122, 123, 124, 125, 126, 127, 128, 129, 130, 131, 134, 135, 136, 137, 138, 139, 140, 141, 142, 144, 145, 146, 147, 148, 149, 150, 151, 153, 155, 156, 157, 158, 159, 160, 161, 162, 163, 164, 166, 167, 168, 169, 170, 172, 173, 174, 175, 177, 178, 179, 180, 181, 182, 183, 184, 185, 186, 188, 189, 191, 192, 193, 194, 195, 196, 197, 199, 200, 201, 202, 203, 204, 205, 206, 207, 208]",180,False
421,210,420,"[2, 22, 26, 34, 38, 46, 58, 62, 74, 82, 86, 94, 106, 118, 122, 134, 142, 146, 158, 166, 178, 194, 202, 206, 214, 218, 226, 242, 254, 262, 274, 278, 286, 298, 302, 314, 326, 334, 338, 346, 358, 362, 374, 382, 386, 394, 398, 418]",48,70,[],0,140,[],0,30,[],0,False
431,215,43,[],0,430,"[2, 4, 6, 8, 12, 14, 16, 18, 22, 24, 26, 28, 32, 34, 36, 38, 42, 44, 46, 48, 52, 54, 56, 58, 62, 64, 66, 68, 72, 74, 76, 78, 82, 84, 88, 92, 94, 96, 98, 102, 104, 106, 108, 112, 114, 116, 118, 122, 124, 126, 128, 132, 134, 136, 138, 142, 144, 146, 148, 152, 154, 156, 158, 162, 164, 166, 168, 174, 176, 178, 182, 184, 186, 188, 192, 194, 196, 198, 202, 204, 206, 208, 212, 214, 216, 218, 222, 224, 226, 228, 232, 234, 236, 238, 242, 244, 246, 248, 252, 254, 256, 262, 264, 266, 268, 272, 274, 276, 278, 282, 284, 286, 288, 292, 294, 296, 298, 302, 304, 306, 308, 312, 314, 316, 318, 322, 324, 326, 328, 332, 334, 336, 338, 342, 346, 348, 352, 354, 356, 358, 362, 364, 366, 368, 372, 374, 376, 378, 382, 384, 386, 388, 392, 394, 396, 398, 402, 404, 406, 408, 412, 414, 416, 418, 422, 424, 426, 428]",168,215,"[1, 2, 3, 4, 6, 7, 8, 9, 11, 12, 13, 14, 16, 17, 18, 19, 21, 22, 23, 24, 26, 27, 28, 29, 31, 32, 33, 34, 36, 37, 38, 39, 41, 42, 44, 46, 47, 48, 49, 51, 52, 53, 54, 56, 57, 58, 59, 61, 62, 63, 64, 66, 67, 68, 69, 71, 72, 73, 74, 76, 77, 78, 79, 81, 82, 83, 84, 87, 88, 89, 91, 92, 93, 94, 96, 97, 98, 99, 101, 102, 103, 104, 106, 107, 108, 109, 111, 112, 113, 114, 116, 117, 118, 119, 121, 122, 123, 124, 126, 127, 128, 131, 132, 133, 134, 136, 137, 138, 139, 141, 142, 143, 144, 146, 147, 148, 149, 151, 152, 153, 154, 156, 157, 158, 159, 161, 162, 163, 164, 166, 167, 168, 169, 171, 173, 174, 176, 177, 178, 179, 181, 182, 183, 184, 186, 187, 188, 189, 191, 192, 193, 194, 196, 197, 198, 199, 201, 202, 203, 204, 206, 207, 208, 209, 211, 212, 213, 214]",168,43,[],0,False
433,216,72,[],0,432,"[2, 10, 14, 22, 26, 34, 38, 46, 50, 58, 62, 70, 74, 82, 86, 94, 98, 106, 110, 118, 122, 130, 134, 142, 146, 154, 158, 166, 170, 178, 182, 190, 194, 202, 206, 214, 218, 226, 230, 238, 242, 250, 254, 262, 266, 274, 278, 286, 290, 298, 302, 310, 314, 322, 326, 334, 338, 346, 350, 358, 362, 370, 374, 382, 386, 394, 398, 406, 410, 418, 422, 430]",72,432,"[2, 10, 14, 22, 26, 34, 38, 46, 50, 58, 62, 70, 74, 82, 86, 94, 98, 106, 110, 118, 122, 130, 134, 142, 146, 154, 158, 166, 170, 178, 182, 190, 194, 202, 206, 214, 218, 226, 230, 238, 242, 250, 254, 262, 266, 274, 278, 286, 290, 298, 302, 310, 314, 322, 326, 334, 338, 346, 350, 358, 362, 370, 374, 382, 386, 394, 398, 406, 410, 418, 422, 430]",72,108,[],0,False
439,219,73,[],0,73,[],0,219,"[1, 2, 4, 5, 7, 8, 10, 11, 13, 14, 16, 17, 19, 20, 22, 23, 25, 26, 28, 29, 31, 32, 34, 35, 37, 38, 40, 41, 43, 44, 46, 47, 49, 50, 52, 53, 55, 56, 58, 59, 61, 62, 64, 65, 67, 68, 70, 71, 74, 76, 77, 79, 80, 82, 83, 85, 86, 88, 89, 91, 92, 94, 95, 97, 98, 100, 101, 103, 104, 106, 107, 109, 110, 112, 113, 115, 116, 118, 119, 121, 122, 124, 125, 127, 128, 130, 131, 133, 134, 136, 137, 139, 140, 142, 143, 145, 148, 149, 151, 152, 154, 155, 157, 158, 160, 161, 163, 164, 166, 167, 169, 170, 172, 173, 175, 176, 178, 179, 181, 182, 184, 185, 187, 188, 190, 191, 193, 194, 196, 197, 199, 200, 202, 203, 205, 206, 208, 209, 211, 212, 214, 215, 217, 218]",144,146,[],0,False
443,221,442,"[2, 4, 6, 8, 10, 12, 14, 16, 18, 20, 22, 24, 28, 30, 32, 36, 38, 40, 42, 44, 46, 48, 50, 54, 56, 58, 60, 62, 64, 66, 70, 72, 74, 76, 80, 82, 84, 86, 88, 90, 92, 94, 96, 98, 100, 106, 108, 110, 112, 114, 116, 118, 120, 122, 124, 126, 128, 132, 134, 138, 140, 142, 144, 146, 148, 150, 152, 154, 158, 160, 162, 164, 166, 168, 172, 174, 176, 178, 180, 184, 186, 188, 190, 192, 194, 196, 198, 200, 202, 206, 210, 212, 214, 216, 218, 220, 222, 224, 226, 228, 230, 232, 236, 240, 242, 244, 246, 248, 250, 252, 254, 256, 258, 262, 264, 266, 268, 270, 274, 276, 278, 280, 282, 284, 288, 290, 292, 294, 296, 298, 300, 302, 304, 308, 310, 314, 316, 318, 320, 322, 324, 326, 328, 330, 332, 334, 336, 342, 344, 346, 348, 350, 352, 354, 356, 358, 360, 362, 366, 368, 370, 372, 376, 378, 380, 382, 384, 386, 388, 392, 394, 396, 398, 400, 402, 404, 406, 410, 412, 414, 418, 420, 422, 424, 426, 428, 430, 432, 434, 436, 438, 440]",192,442,"[2, 4, 6, 8, 10, 12, 14, 16, 18, 20, 22, 24, 28, 30, 32, 36, 38, 40, 42, 44, 46, 48, 50, 54, 56, 58, 60, 62, 64, 66, 70, 72, 74, 76, 80, 82, 84, 86, 88, 90, 92, 94, 96, 98, 100, 106, 108, 110, 112, 114, 116, 118, 120, 122, 124, 126, 128, 132, 134, 138, 140, 142, 144, 146, 148, 150, 152, 154, 158, 160, 162, 164, 166, 168, 172, 174, 176, 178, 180, 184, 186, 188, 190, 192, 194, 196, 198, 200, 202, 206, 210, 212, 214, 216, 218, 220, 222, 224, 226, 228, 230, 232, 236, 240, 242, 244, 246, 248, 250, 252, 254, 256, 258, 262, 264, 266, 268, 270, 274, 276, 278, 280, 282, 284, 288, 290, 292, 294, 296, 298, 300, 302, 304, 308, 310, 314, 316, 318, 320, 322, 324, 326, 328, 330, 332, 334, 336, 342, 344, 346, 348, 350, 352, 354, 356, 358, 360, 362, 366, 368, 370, 372, 376, 378, 380, 382, 384, 386, 388, 392, 394, 396, 398, 400, 402, 404, 406, 410, 412, 414, 418, 420, 422, 424, 426, 428, 430, 432, 434, 436, 438, 440]",192,221,"[1, 2, 3, 4, 5, 6, 7, 8, 9, 10, 11, 12, 14, 15, 16, 18, 19, 20, 21, 22, 23, 24, 25, 27, 28, 29, 30, 31, 32, 33, 35, 36, 37, 38, 40, 41, 42, 43, 44, 45, 46, 47, 48, 49, 50, 53, 54, 55, 56, 57, 58, 59, 60, 61, 62, 63, 64, 66, 67, 69, 70, 71, 72, 73, 74, 75, 76, 77, 79, 80, 81, 82, 83, 84, 86, 87, 88, 89, 90, 92, 93, 94, 95, 96, 97, 98, 99, 100, 101, 103, 105, 106, 107, 108, 109, 110, 111, 112, 113, 114, 115, 116, 118, 120, 121, 122, 123, 124, 125, 126, 127, 128, 129, 131, 132, 133, 134, 135, 137, 138, 139, 140, 141, 142, 144, 145, 146, 147, 148, 149, 150, 151, 152, 154, 155, 157, 158, 159, 160, 161, 162, 163, 164, 165, 166, 167, 168, 171, 172, 173, 174, 175, 176, 177, 178, 179, 180, 181, 183, 184, 185, 186, 188, 189, 190, 191, 192, 193, 194, 196, 197, 198, 199, 200, 201, 202, 203, 205, 206, 207, 209, 210, 211, 212, 213, 214, 215, 216, 217, 218, 219, 220]",192,221,"[1, 2, 3, 4, 5, 6, 7, 8, 9, 10, 11, 12, 14, 15, 16, 18, 19, 20, 21, 22, 23, 24, 25, 27, 28, 29, 30, 31, 32, 33, 35, 36, 37, 38, 40, 41, 42, 43, 44, 45, 46, 47, 48, 49, 50, 53, 54, 55, 56, 57, 58, 59, 60, 61, 62, 63, 64, 66, 67, 69, 70, 71, 72, 73, 74, 75, 76, 77, 79, 80, 81, 82, 83, 84, 86, 87, 88, 89, 90, 92, 93, 94, 95, 96, 97, 98, 99, 100, 101, 103, 105, 106, 107, 108, 109, 110, 111, 112, 113, 114, 115, 116, 118, 120, 121, 122, 123, 124, 125, 126, 127, 128, 129, 131, 132, 133, 134, 135, 137, 138, 139, 140, 141, 142, 144, 145, 146, 147, 148, 149, 150, 151, 152, 154, 155, 157, 158, 159, 160, 161, 162, 163, 164, 165, 166, 167, 168, 171, 172, 173, 174, 175, 176, 177, 178, 179, 180, 181, 183, 184, 185, 186, 188, 189, 190, 191, 192, 193, 194, 196, 197, 198, 199, 200, 201, 202, 203, 205, 206, 207, 209, 210, 211, 212, 213, 214, 215, 216, 217, 218, 219, 220]",192,True
449,224,224,"[1, 3, 5, 9, 11, 13, 15, 17, 19, 23, 25, 27, 29, 31, 33, 37, 39, 41, 43, 45, 47, 51, 53, 55, 57, 59, 61, 65, 67, 69, 71, 73, 75, 79, 81, 83, 85, 87, 89, 93, 95, 97, 99, 101, 103, 107, 109, 111, 113, 115, 117, 121, 123, 125, 127, 129, 131, 135, 137, 139, 141, 143, 145, 149, 151, 153, 155, 157, 159, 163, 165, 167, 169, 171, 173, 177, 179, 181, 183, 185, 187, 191, 193, 195, 197, 199, 201, 205, 207, 209, 211, 213, 215, 219, 221, 223]",96,112,[],0,32,[],0,448,"[2, 6, 10, 18, 22, 26, 30, 34, 38, 46, 50, 54, 58, 62, 66, 74, 78, 82, 86, 90, 94, 102, 106, 110, 114, 118, 122, 130, 134, 138, 142, 146, 150, 158, 162, 166, 170, 174, 178, 186, 190, 194, 198, 202, 206, 214, 218, 222, 226, 230, 234, 242, 246, 250, 254, 258, 262, 270, 274, 278, 282, 286, 290, 298, 302, 306, 310, 314, 318, 326, 330, 334, 338, 342, 346, 354, 358, 362, 366, 370, 374, 382, 386, 390, 394, 398, 402, 410, 414, 418, 422, 426, 430, 438, 442, 446]",96,False
457,228,76,[],0,114,[],0,152,[],0,228,"[1, 5, 7, 11, 13, 17, 23, 25, 29, 31, 35, 37, 41, 43, 47, 49, 53, 55, 59, 61, 65, 67, 71, 73, 77, 79, 83, 85, 89, 91, 97, 101, 103, 107, 109, 113, 115, 119, 121, 125, 127, 131, 137, 139, 143, 145, 149, 151, 155, 157, 161, 163, 167, 169, 173, 175, 179, 181, 185, 187, 191, 193, 197, 199, 203, 205, 211, 215, 217, 221, 223, 227]",72,False
461,230,460,"[2, 6, 14, 18, 22, 26, 34, 38, 42, 54, 58, 62, 66, 74, 78, 82, 86, 94, 98, 102, 106, 114, 118, 122, 126, 134, 142, 146, 154, 158, 162, 166, 174, 178, 182, 186, 194, 198, 202, 206, 214, 218, 222, 226, 234, 238, 242, 246, 254, 258, 262, 266, 274, 278, 282, 286, 294, 298, 302, 306, 314, 318, 326, 334, 338, 342, 346, 354, 358, 362, 366, 374, 378, 382, 386, 394, 398, 402, 406, 418, 422, 426, 434, 438, 442, 446, 454, 458]",88,460,"[2, 6, 14, 18, 22, 26, 34, 38, 42, 54, 58, 62, 66, 74, 78, 82, 86, 94, 98, 102, 106, 114, 118, 122, 126, 134, 142, 146, 154, 158, 162, 166, 174, 178, 182, 186, 194, 198, 202, 206, 214, 218, 222, 226, 234, 238, 242, 246, 254, 258, 262, 266, 274, 278, 282, 286, 294, 298, 302, 306, 314, 318, 326, 334, 338, 342, 346, 354, 358, 362, 366, 374, 378, 382, 386, 394, 398, 402, 406, 418, 422, 426, 434, 438, 442, 446, 454, 458]",88,460,"[2, 6, 14, 18, 22, 26, 34, 38, 42, 54, 58, 62, 66, 74, 78, 82, 86, 94, 98, 102, 106, 114, 118, 122, 126, 134, 142, 146, 154, 158, 162, 166, 174, 178, 182, 186, 194, 198, 202, 206, 214, 218, 222, 226, 234, 238, 242, 246, 254, 258, 262, 266, 274, 278, 282, 286, 294, 298, 302, 306, 314, 318, 326, 334, 338, 342, 346, 354, 358, 362, 366, 374, 378, 382, 386, 394, 398, 402, 406, 418, 422, 426, 434, 438, 442, 446, 454, 458]",88,460,"[2, 6, 14, 18, 22, 26, 34, 38, 42, 54, 58, 62, 66, 74, 78, 82, 86, 94, 98, 102, 106, 114, 118, 122, 126, 134, 142, 146, 154, 158, 162, 166, 174, 178, 182, 186, 194, 198, 202, 206, 214, 218, 222, 226, 234, 238, 242, 246, 254, 258, 262, 266, 274, 278, 282, 286, 294, 298, 302, 306, 314, 318, 326, 334, 338, 342, 346, 354, 358, 362, 366, 374, 378, 382, 386, 394, 398, 402, 406, 418, 422, 426, 434, 438, 442, 446, 454, 458]",88,True
463,231,231,"[1, 2, 4, 5, 8, 10, 13, 16, 17, 19, 20, 23, 25, 26, 29, 31, 32, 34, 37, 38, 40, 41, 43, 46, 47, 50, 52, 53, 58, 59, 61, 62, 64, 65, 67, 68, 71, 73, 74, 76, 79, 80, 82, 83, 85, 86, 89, 92, 94, 95, 97, 100, 101, 103, 104, 106, 107, 109, 113, 115, 116, 118, 122, 124, 125, 127, 128, 130, 131, 134, 136, 137, 139, 142, 145, 146, 148, 149, 151, 152, 155, 157, 158, 160, 163, 164, 166, 167, 169, 170, 172, 173, 178, 179, 181, 184, 185, 188, 190, 191, 193, 194, 197, 199, 200, 202, 205, 206, 208, 211, 212, 214, 215, 218, 221, 223, 226, 227, 229, 230]",120,154,[],0,154,[],0,154,[],0,False
467,233,466,"[2, 4, 6, 8, 10, 12, 14, 16, 18, 20, 22, 24, 26, 28, 30, 32, 34, 36, 38, 40, 42, 44, 46, 48, 50, 52, 54, 56, 58, 60, 62, 64, 66, 68, 70, 72, 74, 76, 78, 80, 82, 84, 86, 88, 90, 92, 94, 96, 98, 100, 102, 104, 106, 108, 110, 112, 114, 116, 118, 120, 122, 124, 126, 128, 130, 132, 134, 136, 138, 140, 142, 144, 146, 148, 150, 152, 154, 156, 158, 160, 162, 164, 166, 168, 170, 172, 174, 176, 178, 180, 182, 184, 186, 188, 190, 192, 194, 196, 198, 200, 202, 204, 206, 208, 210, 212, 214, 216, 218, 220, 222, 224, 226, 228, 230, 232, 234, 236, 238, 240, 242, 244, 246, 248, 250, 252, 254, 256, 258, 260, 262, 264, 266, 268, 270, 272, 274, 276, 278, 280, 282, 284, 286, 288, 290, 292, 294, 296, 298, 300, 302, 304, 306, 308, 310, 312, 314, 316, 318, 320, 322, 324, 326, 328, 330, 332, 334, 336, 338, 340, 342, 344, 346, 348, 350, 352, 354, 356, 358, 360, 362, 364, 366, 368, 370, 372, 374, 376, 378, 380, 382, 384, 386, 388, 390, 392, 394, 396, 398, 400, 402, 404, 406, 408, 410, 412, 414, 416, 418, 420, 422, 424, 426, 428, 430, 432, 434, 436, 438, 440, 442, 444, 446, 448, 450, 452, 454, 456, 458, 460, 462, 464]",232,233,"[1, 2, 3, 4, 5, 6, 7, 8, 9, 10, 11, 12, 13, 14, 15, 16, 17, 18, 19, 20, 21, 22, 23, 24, 25, 26, 27, 28, 29, 30, 31, 32, 33, 34, 35, 36, 37, 38, 39, 40, 41, 42, 43, 44, 45, 46, 47, 48, 49, 50, 51, 52, 53, 54, 55, 56, 57, 58, 59, 60, 61, 62, 63, 64, 65, 66, 67, 68, 69, 70, 71, 72, 73, 74, 75, 76, 77, 78, 79, 80, 81, 82, 83, 84, 85, 86, 87, 88, 89, 90, 91, 92, 93, 94, 95, 96, 97, 98, 99, 100, 101, 102, 103, 104, 105, 106, 107, 108, 109, 110, 111, 112, 113, 114, 115, 116, 117, 118, 119, 120, 121, 122, 123, 124, 125, 126, 127, 128, 129, 130, 131, 132, 133, 134, 135, 136, 137, 138, 139, 140, 141, 142, 143, 144, 145, 146, 147, 148, 149, 150, 151, 152, 153, 154, 155, 156, 157, 158, 159, 160, 161, 162, 163, 164, 165, 166, 167, 168, 169, 170, 171, 172, 173, 174, 175, 176, 177, 178, 179, 180, 181, 182, 183, 184, 185, 186, 187, 188, 189, 190, 191, 192, 193, 194, 195, 196, 197, 198, 199, 200, 201, 202, 203, 204, 205, 206, 207, 208, 209, 210, 211, 212, 213, 214, 215, 216, 217, 218, 219, 220, 221, 222, 223, 224, 225, 226, 227, 228, 229, 230, 231, 232]",232,233,"[1, 2, 3, 4, 5, 6, 7, 8, 9, 10, 11, 12, 13, 14, 15, 16, 17, 18, 19, 20, 21, 22, 23, 24, 25, 26, 27, 28, 29, 30, 31, 32, 33, 34, 35, 36, 37, 38, 39, 40, 41, 42, 43, 44, 45, 46, 47, 48, 49, 50, 51, 52, 53, 54, 55, 56, 57, 58, 59, 60, 61, 62, 63, 64, 65, 66, 67, 68, 69, 70, 71, 72, 73, 74, 75, 76, 77, 78, 79, 80, 81, 82, 83, 84, 85, 86, 87, 88, 89, 90, 91, 92, 93, 94, 95, 96, 97, 98, 99, 100, 101, 102, 103, 104, 105, 106, 107, 108, 109, 110, 111, 112, 113, 114, 115, 116, 117, 118, 119, 120, 121, 122, 123, 124, 125, 126, 127, 128, 129, 130, 131, 132, 133, 134, 135, 136, 137, 138, 139, 140, 141, 142, 143, 144, 145, 146, 147, 148, 149, 150, 151, 152, 153, 154, 155, 156, 157, 158, 159, 160, 161, 162, 163, 164, 165, 166, 167, 168, 169, 170, 171, 172, 173, 174, 175, 176, 177, 178, 179, 180, 181, 182, 183, 184, 185, 186, 187, 188, 189, 190, 191, 192, 193, 194, 195, 196, 197, 198, 199, 200, 201, 202, 203, 204, 205, 206, 207, 208, 209, 210, 211, 212, 213, 214, 215, 216, 217, 218, 219, 220, 221, 222, 223, 224, 225, 226, 227, 228, 229, 230, 231, 232]",232,233,"[1, 2, 3, 4, 5, 6, 7, 8, 9, 10, 11, 12, 13, 14, 15, 16, 17, 18, 19, 20, 21, 22, 23, 24, 25, 26, 27, 28, 29, 30, 31, 32, 33, 34, 35, 36, 37, 38, 39, 40, 41, 42, 43, 44, 45, 46, 47, 48, 49, 50, 51, 52, 53, 54, 55, 56, 57, 58, 59, 60, 61, 62, 63, 64, 65, 66, 67, 68, 69, 70, 71, 72, 73, 74, 75, 76, 77, 78, 79, 80, 81, 82, 83, 84, 85, 86, 87, 88, 89, 90, 91, 92, 93, 94, 95, 96, 97, 98, 99, 100, 101, 102, 103, 104, 105, 106, 107, 108, 109, 110, 111, 112, 113, 114, 115, 116, 117, 118, 119, 120, 121, 122, 123, 124, 125, 126, 127, 128, 129, 130, 131, 132, 133, 134, 135, 136, 137, 138, 139, 140, 141, 142, 143, 144, 145, 146, 147, 148, 149, 150, 151, 152, 153, 154, 155, 156, 157, 158, 159, 160, 161, 162, 163, 164, 165, 166, 167, 168, 169, 170, 171, 172, 173, 174, 175, 176, 177, 178, 179, 180, 181, 182, 183, 184, 185, 186, 187, 188, 189, 190, 191, 192, 193, 194, 195, 196, 197, 198, 199, 200, 201, 202, 203, 204, 205, 206, 207, 208, 209, 210, 211, 212, 213, 214, 215, 216, 217, 218, 219, 220, 221, 222, 223, 224, 225, 226, 227, 228, 229, 230, 231, 232]",232,True
479,239,239,"[1, 2, 3, 4, 5, 6, 7, 8, 9, 10, 11, 12, 13, 14, 15, 16, 17, 18, 19, 20, 21, 22, 23, 24, 25, 26, 27, 28, 29, 30, 31, 32, 33, 34, 35, 36, 37, 38, 39, 40, 41, 42, 43, 44, 45, 46, 47, 48, 49, 50, 51, 52, 53, 54, 55, 56, 57, 58, 59, 60, 61, 62, 63, 64, 65, 66, 67, 68, 69, 70, 71, 72, 73, 74, 75, 76, 77, 78, 79, 80, 81, 82, 83, 84, 85, 86, 87, 88, 89, 90, 91, 92, 93, 94, 95, 96, 97, 98, 99, 100, 101, 102, 103, 104, 105, 106, 107, 108, 109, 110, 111, 112, 113, 114, 115, 116, 117, 118, 119, 120, 121, 122, 123, 124, 125, 126, 127, 128, 129, 130, 131, 132, 133, 134, 135, 136, 137, 138, 139, 140, 141, 142, 143, 144, 145, 146, 147, 148, 149, 150, 151, 152, 153, 154, 155, 156, 157, 158, 159, 160, 161, 162, 163, 164, 165, 166, 167, 168, 169, 170, 171, 172, 173, 174, 175, 176, 177, 178, 179, 180, 181, 182, 183, 184, 185, 186, 187, 188, 189, 190, 191, 192, 193, 194, 195, 196, 197, 198, 199, 200, 201, 202, 203, 204, 205, 206, 207, 208, 209, 210, 211, 212, 213, 214, 215, 216, 217, 218, 219, 220, 221, 222, 223, 224, 225, 226, 227, 228, 229, 230, 231, 232, 233, 234, 235, 236, 237, 238]",238,239,"[1, 2, 3, 4, 5, 6, 7, 8, 9, 10, 11, 12, 13, 14, 15, 16, 17, 18, 19, 20, 21, 22, 23, 24, 25, 26, 27, 28, 29, 30, 31, 32, 33, 34, 35, 36, 37, 38, 39, 40, 41, 42, 43, 44, 45, 46, 47, 48, 49, 50, 51, 52, 53, 54, 55, 56, 57, 58, 59, 60, 61, 62, 63, 64, 65, 66, 67, 68, 69, 70, 71, 72, 73, 74, 75, 76, 77, 78, 79, 80, 81, 82, 83, 84, 85, 86, 87, 88, 89, 90, 91, 92, 93, 94, 95, 96, 97, 98, 99, 100, 101, 102, 103, 104, 105, 106, 107, 108, 109, 110, 111, 112, 113, 114, 115, 116, 117, 118, 119, 120, 121, 122, 123, 124, 125, 126, 127, 128, 129, 130, 131, 132, 133, 134, 135, 136, 137, 138, 139, 140, 141, 142, 143, 144, 145, 146, 147, 148, 149, 150, 151, 152, 153, 154, 155, 156, 157, 158, 159, 160, 161, 162, 163, 164, 165, 166, 167, 168, 169, 170, 171, 172, 173, 174, 175, 176, 177, 178, 179, 180, 181, 182, 183, 184, 185, 186, 187, 188, 189, 190, 191, 192, 193, 194, 195, 196, 197, 198, 199, 200, 201, 202, 203, 204, 205, 206, 207, 208, 209, 210, 211, 212, 213, 214, 215, 216, 217, 218, 219, 220, 221, 222, 223, 224, 225, 226, 227, 228, 229, 230, 231, 232, 233, 234, 235, 236, 237, 238]",238,239,"[1, 2, 3, 4, 5, 6, 7, 8, 9, 10, 11, 12, 13, 14, 15, 16, 17, 18, 19, 20, 21, 22, 23, 24, 25, 26, 27, 28, 29, 30, 31, 32, 33, 34, 35, 36, 37, 38, 39, 40, 41, 42, 43, 44, 45, 46, 47, 48, 49, 50, 51, 52, 53, 54, 55, 56, 57, 58, 59, 60, 61, 62, 63, 64, 65, 66, 67, 68, 69, 70, 71, 72, 73, 74, 75, 76, 77, 78, 79, 80, 81, 82, 83, 84, 85, 86, 87, 88, 89, 90, 91, 92, 93, 94, 95, 96, 97, 98, 99, 100, 101, 102, 103, 104, 105, 106, 107, 108, 109, 110, 111, 112, 113, 114, 115, 116, 117, 118, 119, 120, 121, 122, 123, 124, 125, 126, 127, 128, 129, 130, 131, 132, 133, 134, 135, 136, 137, 138, 139, 140, 141, 142, 143, 144, 145, 146, 147, 148, 149, 150, 151, 152, 153, 154, 155, 156, 157, 158, 159, 160, 161, 162, 163, 164, 165, 166, 167, 168, 169, 170, 171, 172, 173, 174, 175, 176, 177, 178, 179, 180, 181, 182, 183, 184, 185, 186, 187, 188, 189, 190, 191, 192, 193, 194, 195, 196, 197, 198, 199, 200, 201, 202, 203, 204, 205, 206, 207, 208, 209, 210, 211, 212, 213, 214, 215, 216, 217, 218, 219, 220, 221, 222, 223, 224, 225, 226, 227, 228, 229, 230, 231, 232, 233, 234, 235, 236, 237, 238]",238,239,"[1, 2, 3, 4, 5, 6, 7, 8, 9, 10, 11, 12, 13, 14, 15, 16, 17, 18, 19, 20, 21, 22, 23, 24, 25, 26, 27, 28, 29, 30, 31, 32, 33, 34, 35, 36, 37, 38, 39, 40, 41, 42, 43, 44, 45, 46, 47, 48, 49, 50, 51, 52, 53, 54, 55, 56, 57, 58, 59, 60, 61, 62, 63, 64, 65, 66, 67, 68, 69, 70, 71, 72, 73, 74, 75, 76, 77, 78, 79, 80, 81, 82, 83, 84, 85, 86, 87, 88, 89, 90, 91, 92, 93, 94, 95, 96, 97, 98, 99, 100, 101, 102, 103, 104, 105, 106, 107, 108, 109, 110, 111, 112, 113, 114, 115, 116, 117, 118, 119, 120, 121, 122, 123, 124, 125, 126, 127, 128, 129, 130, 131, 132, 133, 134, 135, 136, 137, 138, 139, 140, 141, 142, 143, 144, 145, 146, 147, 148, 149, 150, 151, 152, 153, 154, 155, 156, 157, 158, 159, 160, 161, 162, 163, 164, 165, 166, 167, 168, 169, 170, 171, 172, 173, 174, 175, 176, 177, 178, 179, 180, 181, 182, 183, 184, 185, 186, 187, 188, 189, 190, 191, 192, 193, 194, 195, 196, 197, 198, 199, 200, 201, 202, 203, 204, 205, 206, 207, 208, 209, 210, 211, 212, 213, 214, 215, 216, 217, 218, 219, 220, 221, 222, 223, 224, 225, 226, 227, 228, 229, 230, 231, 232, 233, 234, 235, 236, 237, 238]",238,True
487,243,243,"[1, 2, 4, 5, 7, 8, 10, 11, 13, 14, 16, 17, 19, 20, 22, 23, 25, 26, 28, 29, 31, 32, 34, 35, 37, 38, 40, 41, 43, 44, 46, 47, 49, 50, 52, 53, 55, 56, 58, 59, 61, 62, 64, 65, 67, 68, 70, 71, 73, 74, 76, 77, 79, 80, 82, 83, 85, 86, 88, 89, 91, 92, 94, 95, 97, 98, 100, 101, 103, 104, 106, 107, 109, 110, 112, 113, 115, 116, 118, 119, 121, 122, 124, 125, 127, 128, 130, 131, 133, 134, 136, 137, 139, 140, 142, 143, 145, 146, 148, 149, 151, 152, 154, 155, 157, 158, 160, 161, 163, 164, 166, 167, 169, 170, 172, 173, 175, 176, 178, 179, 181, 182, 184, 185, 187, 188, 190, 191, 193, 194, 196, 197, 199, 200, 202, 203, 205, 206, 208, 209, 211, 212, 214, 215, 217, 218, 220, 221, 223, 224, 226, 227, 229, 230, 232, 233, 235, 236, 238, 239, 241, 242]",162,162,[],0,486,"[2, 4, 8, 10, 14, 16, 20, 22, 26, 28, 32, 34, 38, 40, 44, 46, 50, 52, 56, 58, 62, 64, 68, 70, 74, 76, 80, 82, 86, 88, 92, 94, 98, 100, 104, 106, 110, 112, 116, 118, 122, 124, 128, 130, 134, 136, 140, 142, 146, 148, 152, 154, 158, 160, 164, 166, 170, 172, 176, 178, 182, 184, 188, 190, 194, 196, 200, 202, 206, 208, 212, 214, 218, 220, 224, 226, 230, 232, 236, 238, 242, 244, 248, 250, 254, 256, 260, 262, 266, 268, 272, 274, 278, 280, 284, 286, 290, 292, 296, 298, 302, 304, 308, 310, 314, 316, 320, 322, 326, 328, 332, 334, 338, 340, 344, 346, 350, 352, 356, 358, 362, 364, 368, 370, 374, 376, 380, 382, 386, 388, 392, 394, 398, 400, 404, 406, 410, 412, 416, 418, 422, 424, 428, 430, 434, 436, 440, 442, 446, 448, 452, 454, 458, 460, 464, 466, 470, 472, 476, 478, 482, 484]",162,54,[],0,False
491,245,490,"[2, 4, 6, 8, 12, 16, 18, 22, 24, 26, 32, 34, 36, 38, 44, 46, 48, 52, 54, 58, 62, 64, 66, 68, 72, 74, 76, 78, 82, 86, 88, 92, 94, 96, 102, 104, 106, 108, 114, 116, 118, 122, 124, 128, 132, 134, 136, 138, 142, 144, 146, 148, 152, 156, 158, 162, 164, 166, 172, 174, 176, 178, 184, 186, 188, 192, 194, 198, 202, 204, 206, 208, 212, 214, 216, 218, 222, 226, 228, 232, 234, 236, 242, 244, 246, 248, 254, 256, 258, 262, 264, 268, 272, 274, 276, 278, 282, 284, 286, 288, 292, 296, 298, 302, 304, 306, 312, 314, 316, 318, 324, 326, 328, 332, 334, 338, 342, 344, 346, 348, 352, 354, 356, 358, 362, 366, 368, 372, 374, 376, 382, 384, 386, 388, 394, 396, 398, 402, 404, 408, 412, 414, 416, 418, 422, 424, 426, 428, 432, 436, 438, 442, 444, 446, 452, 454, 456, 458, 464, 466, 468, 472, 474, 478, 482, 484, 486, 488]",168,490,"[2, 4, 6, 8, 12, 16, 18, 22, 24, 26, 32, 34, 36, 38, 44, 46, 48, 52, 54, 58, 62, 64, 66, 68, 72, 74, 76, 78, 82, 86, 88, 92, 94, 96, 102, 104, 106, 108, 114, 116, 118, 122, 124, 128, 132, 134, 136, 138, 142, 144, 146, 148, 152, 156, 158, 162, 164, 166, 172, 174, 176, 178, 184, 186, 188, 192, 194, 198, 202, 204, 206, 208, 212, 214, 216, 218, 222, 226, 228, 232, 234, 236, 242, 244, 246, 248, 254, 256, 258, 262, 264, 268, 272, 274, 276, 278, 282, 284, 286, 288, 292, 296, 298, 302, 304, 306, 312, 314, 316, 318, 324, 326, 328, 332, 334, 338, 342, 344, 346, 348, 352, 354, 356, 358, 362, 366, 368, 372, 374, 376, 382, 384, 386, 388, 394, 396, 398, 402, 404, 408, 412, 414, 416, 418, 422, 424, 426, 428, 432, 436, 438, 442, 444, 446, 452, 454, 456, 458, 464, 466, 468, 472, 474, 478, 482, 484, 486, 488]",168,490,"[2, 4, 6, 8, 12, 16, 18, 22, 24, 26, 32, 34, 36, 38, 44, 46, 48, 52, 54, 58, 62, 64, 66, 68, 72, 74, 76, 78, 82, 86, 88, 92, 94, 96, 102, 104, 106, 108, 114, 116, 118, 122, 124, 128, 132, 134, 136, 138, 142, 144, 146, 148, 152, 156, 158, 162, 164, 166, 172, 174, 176, 178, 184, 186, 188, 192, 194, 198, 202, 204, 206, 208, 212, 214, 216, 218, 222, 226, 228, 232, 234, 236, 242, 244, 246, 248, 254, 256, 258, 262, 264, 268, 272, 274, 276, 278, 282, 284, 286, 288, 292, 296, 298, 302, 304, 306, 312, 314, 316, 318, 324, 326, 328, 332, 334, 338, 342, 344, 346, 348, 352, 354, 356, 358, 362, 366, 368, 372, 374, 376, 382, 384, 386, 388, 394, 396, 398, 402, 404, 408, 412, 414, 416, 418, 422, 424, 426, 428, 432, 436, 438, 442, 444, 446, 452, 454, 456, 458, 464, 466, 468, 472, 474, 478, 482, 484, 486, 488]",168,35,[],0,False
499,249,166,[],0,498,"[2, 4, 8, 10, 14, 16, 20, 22, 26, 28, 32, 34, 38, 40, 44, 46, 50, 52, 56, 58, 62, 64, 68, 70, 74, 76, 80, 82, 86, 88, 92, 94, 98, 100, 104, 106, 110, 112, 116, 118, 122, 124, 128, 130, 134, 136, 140, 142, 146, 148, 152, 154, 158, 160, 164, 170, 172, 176, 178, 182, 184, 188, 190, 194, 196, 200, 202, 206, 208, 212, 214, 218, 220, 224, 226, 230, 232, 236, 238, 242, 244, 248, 250, 254, 256, 260, 262, 266, 268, 272, 274, 278, 280, 284, 286, 290, 292, 296, 298, 302, 304, 308, 310, 314, 316, 320, 322, 326, 328, 334, 338, 340, 344, 346, 350, 352, 356, 358, 362, 364, 368, 370, 374, 376, 380, 382, 386, 388, 392, 394, 398, 400, 404, 406, 410, 412, 416, 418, 422, 424, 428, 430, 434, 436, 440, 442, 446, 448, 452, 454, 458, 460, 464, 466, 470, 472, 476, 478, 482, 484, 488, 490, 494, 496]",164,498,"[2, 4, 8, 10, 14, 16, 20, 22, 26, 28, 32, 34, 38, 40, 44, 46, 50, 52, 56, 58, 62, 64, 68, 70, 74, 76, 80, 82, 86, 88, 92, 94, 98, 100, 104, 106, 110, 112, 116, 118, 122, 124, 128, 130, 134, 136, 140, 142, 146, 148, 152, 154, 158, 160, 164, 170, 172, 176, 178, 182, 184, 188, 190, 194, 196, 200, 202, 206, 208, 212, 214, 218, 220, 224, 226, 230, 232, 236, 238, 242, 244, 248, 250, 254, 256, 260, 262, 266, 268, 272, 274, 278, 280, 284, 286, 290, 292, 296, 298, 302, 304, 308, 310, 314, 316, 320, 322, 326, 328, 334, 338, 340, 344, 346, 350, 352, 356, 358, 362, 364, 368, 370, 374, 376, 380, 382, 386, 388, 392, 394, 398, 400, 404, 406, 410, 412, 416, 418, 422, 424, 428, 430, 434, 436, 440, 442, 446, 448, 452, 454, 458, 460, 464, 466, 470, 472, 476, 478, 482, 484, 488, 490, 494, 496]",164,166,[],0,False
